Time,EMA,SMA,RSI,HBB,LBB,Value
2016-01-24 17:00,0.61368037895002,1.3263728571429,54.198473282443,2.065231215253,0.58751449903268,1.414320000
2016-01-25 17:00,0.64507801114806,1.3330526666667,36.349442649141,2.0479654237423,0.61813990959106,1.4290000
2016-01-26 17:00,0.67582004992656,1.338131875,36.072750858039,2.0317582479099,0.64450550209007,1.411320000
2016-01-27 17:00,0.70466318522356,1.3434770588235,38.492358968904,2.0171128722176,0.66984124542941,1.409010000
2016-01-28 17:00,0.73228462894029,1.3472461111111,36.283745844437,2.0025062313006,0.6919859909216,1.402650000
2016-01-31 17:00,0.75857346702106,1.3504968421053,39.755212317508,1.9886958519989,0.7122978322116,1.396850000
2016-02-01 17:00,0.78360391929474,1.3531045,41.294015360093,1.9754296655309,0.73077933446911,1.394530000
2016-02-02 17:00,0.8075618048126,1.3551876190476,42.700371045351,1.9627431825062,0.747632055589,1.40510000
2016-02-03 17:00,0.8309946752121,1.3569759090909,44.890832904506,1.9509066253836,0.76304519279823,1.377890000
2016-02-04 17:00,0.85244155069398,1.3590682608696,45.759339402079,1.9399819178519,0.77815460388724,1.375320000
2016-02-07 17:00,0.87294658792167,1.3598525,41.292228137428,1.9285679201658,0.79113707983419,1.389760000
2016-02-08 17:00,0.89321378055219,1.3604712,43.047974781014,1.9178180060545,0.80312439394554,1.392320000
2016-02-09 17:00,0.91278657347171,1.3615976923077,44.667132136085,1.9082493892426,0.81494599537283,1.386560000
2016-02-11 17:00,0.93136592353164,1.3627355555556,43.426557468496,1.8992421088716,0.8262290022395,1.39350000
2016-02-15 17:00,0.94948882849119,1.3635864285714,44.329505551865,1.890543963049,0.8366288940939,1.383120000
2016-02-16 17:00,0.96649397247193,1.3646179310345,44.150354177774,1.8824517710645,0.84678409100444,1.386390000
2016-02-17 17:00,0.98296048335538,1.3652346666667,44.03361197222,1.8744219026778,0.85604743065551,1.367090000
2016-02-18 17:00,0.99802438596889,1.3659170967742,43.130705856157,1.8668226314316,0.8650115621168,1.37240000
2016-02-21 17:00,1.0127057825976,1.36595375,41.50417827298,1.858975777866,0.87293172213397,1.377230000
2016-02-22 17:00,1.0270008499467,1.3661490909091,41.091053100558,1.8516587933392,0.88063938847893,1.370530000
2016-02-23 17:00,1.0404725813213,1.366475,40.629515612238,1.844793146484,0.88815685351601,1.379310000
2016-02-24 17:00,1.0537603232303,1.3665908571429,41.219963031423,1.8380459209575,0.89513579332819,1.370120000
2016-02-25 17:00,1.0661665850644,1.3669441666667,41.501572484526,1.8318057969267,0.90208253640661,1.352870000
2016-02-28 17:00,1.0774098562383,1.36703,41.658639390895,1.8255902911346,0.90846970886545,1.35130000
2016-02-29 17:00,1.0881506461898,1.3666573684211,40.688997868543,1.819170563681,0.91414417316109,1.353780000
2016-03-01 17:00,1.0985674835941,1.3662635897436,41.864060013639,1.8129548575901,0.91957232189712,1.34070000
2016-03-02 17:00,1.1080628763943,1.3659515,41.051094890511,1.8070956213212,0.92480737867883,1.341580000
2016-03-03 17:00,1.1172204106534,1.3653356097561,40.677914484103,1.8011281465019,0.92954307301025,1.340290000
2016-03-06 17:00,1.1259682376866,1.36477,39.655332651788,1.7954080613307,0.9341319386693,1.333020000
2016-03-07 17:00,1.13408791464,1.3642006976744,40.729609285936,1.7899065976818,0.93849479766706,1.328140000
2016-03-08 17:00,1.1416978003404,1.3634920454545,41.02891279761,1.7844651539494,0.94251893695972,1.340650000
2016-03-09 17:00,1.1494998473859,1.3627064444444,41.581801349028,1.7790247684838,0.94638812040513,1.324730000
2016-03-10 17:00,1.1563716180767,1.3622269565217,42.512837502071,1.7741425345041,0.95031137853937,1.334490000
2016-03-13 17:00,1.1633566526619,1.3614291489362,41.800315588093,1.7690117369709,0.95384656090148,1.322220000
2016-03-14 17:00,1.1695865878516,1.3608679166667,42.214488270173,1.7643352267483,0.95740060658501,1.325980000
2016-03-15 17:00,1.1757196628378,1.3600791836735,41.952846281782,1.75952397336,0.96063439398694,1.335480000
2016-03-16 17:00,1.1819847740991,1.3593972,41.470056692991,1.4519826178998,1.2668117821002,1.309550000
2016-03-17 17:00,1.1869873319776,1.3861068,41.818571988258,1.4647271065433,1.3074864934567,1.29760000
2016-03-21 17:00,1.1913250836647,1.3844,40.288146394756,1.4665856333917,1.3022143666083,1.309910000
2016-03-22 17:00,1.1959754725406,1.382366,40.535462658525,1.4666784027792,1.2980535972208,1.304790000
2016-03-23 17:00,1.2002427089116,1.3804202,41.145022198461,1.4668867564768,1.2939536435232,1.320370000
2016-03-24 17:00,1.2049535830719,1.378297,42.12656285458,1.4655336960814,1.2910603039186,1.324720000
2016-03-28 17:00,1.2096503053044,1.3763748,43.5070055195,1.4638175414703,1.2889320585297,1.318560000
2016-03-29 17:00,1.2139212737238,1.3744398,43.421063057115,1.4620076959482,1.2868719040518,1.307490000
2016-03-30 17:00,1.2175906355386,1.3722904,44.251559915669,1.4599521382004,1.2846286617996,1.296420000
2016-03-31 17:00,1.2206819831645,1.3697676,44.250897584129,1.4577337490293,1.2818014509707,1.300320000
2016-04-03 17:00,1.2238050426482,1.366975,45.035768189978,1.4528322978145,1.2811177021855,1.302940000
2016-04-04 17:00,1.2269083743091,1.3637834,41.931953276848,1.4471630558141,1.2804037441859,1.308650000
2016-04-05 17:00,1.2301139282578,1.3607298,40.691791353167,1.440636098334,1.280823501666,1.313690000
2016-04-06 17:00,1.2333914212673,1.3577558,41.322135970607,1.4340387372659,1.2814728627341,1.308850000
2016-04-07 17:00,1.2363505812176,1.3550226,40.687843776374,1.4295225011575,1.2805226988425,1.314370000
2016-04-10 17:00,1.2394101662679,1.3526682,42.290459067346,1.4257525833486,1.2795838166514,1.298570000
2016-04-11 17:00,1.2417301597475,1.3506692,42.248801336634,1.4217440343537,1.2795943656463,1.289720000
2016-04-12 17:00,1.2436121142672,1.3480606,40.549744915129,1.4186053575385,1.2775158424615,1.275730000
2016-04-13 17:00,1.2448716391979,1.3456286,41.321549646293,1.4164974458594,1.2747597541406,1.281660000
2016-04-14 17:00,1.2463143200137,1.342963,40.30675245337,1.4137416211168,1.2721843788832,1.284390000
2016-04-17 17:00,1.2478074839347,1.3405432,39.837346269228,1.4111463838557,1.2699400161443,1.295370000
2016-04-18 17:00,1.2496726806432,1.338294,38.837704819639,1.4080003306623,1.2685876693377,1.278420000
2016-04-19 17:00,1.2508000265003,1.3363108,38.723617176128,1.4051060866153,1.2675155133847,1.267030000
2016-04-20 17:00,1.2514364960493,1.3337772,37.659934583966,1.4038332840424,1.2637211159576,1.265480000
2016-04-21 17:00,1.2519872216944,1.33156,39.003150733574,1.4028644270154,1.2602555729846,1.273380000
2016-04-24 17:00,1.252826154177,1.3293632,39.093050714362,1.4002428530014,1.2584835469986,1.265720000
2016-04-25 17:00,1.2533317951897,1.3270356,38.10204562026,1.3974774789937,1.2565937210063,1.26780000
2016-04-26 17:00,1.2538991757705,1.3245036,38.940840699913,1.3944003691522,1.2546068308478,1.26030000
2016-04-27 17:00,1.2541501884854,1.3221284,37.862632991661,1.3911305716945,1.2531262283055,1.25980000
2016-04-28 17:00,1.2543717497212,1.3194644,38.01615443329,1.3879737900998,1.2509550099002,1.255440000
2016-05-01 17:00,1.254413641889,1.316998,38.869548724372,1.3847263916242,1.2492696083758,1.255470000
2016-05-02 17:00,1.2544550676973,1.314379,39.873249432721,1.3823131155002,1.2464448844998,1.252940000
2016-05-03 17:00,1.2543956532778,1.3121466,39.695885989748,1.3798600074724,1.2444331925276,1.272350000
2016-05-04 17:00,1.2550997453061,1.3097574,40.486891701591,1.3754080922346,1.2441067077654,1.286930000
2016-05-05 17:00,1.2563479905882,1.3076598,42.942146622255,1.3709889298901,1.2443306701099,1.285280000
2016-05-08 17:00,1.2574825791926,1.3059878,43.860036328835,1.3660178740802,1.2459577259198,1.295140000
2016-05-09 17:00,1.2589593407929,1.3041072,44.353380933901,1.3610921176677,1.2471222823323,1.296130000
2016-05-10 17:00,1.260417013703,1.3026076,44.77561378589,1.3577396022927,1.2474755977073,1.290940000
2016-05-11 17:00,1.2616139935578,1.3014728,44.761231044769,1.3548079834526,1.2481376165474,1.285170000
2016-05-12 17:00,1.2625377585163,1.3002656,44.367189035721,1.3515290309925,1.2490021690075,1.284420000
2016-05-15 17:00,1.2633958856333,1.2988934,45.37036193115,1.3488668191954,1.2489199808046,1.294560000
2016-05-16 17:00,1.2646180077653,1.2977678,46.711896852655,1.3461365627876,1.2493990372124,1.289410000
2016-05-17 17:00,1.2655902427549,1.2968274,48.065737489025,1.3436171576707,1.2500376423293,1.290880000
2016-05-18 17:00,1.266581997941,1.2958098,47.635990469035,1.3413764072838,1.2502431927162,1.303370000
2016-05-19 17:00,1.2680246646884,1.294967,46.657781714606,1.3395886029564,1.2503453970436,1.309380000
2016-05-22 17:00,1.2696464425438,1.2944716,46.927332721364,1.3373352329174,1.2516079670826,1.311060000
2016-05-23 17:00,1.2712705036205,1.2938462,46.057442570038,1.3360732883543,1.2516191116457,1.314060000
2016-05-24 17:00,1.2729485230863,1.2935728,46.217686733696,1.3345907064468,1.2525548935532,1.311720000
2016-05-25 17:00,1.2744689731614,1.2931642,45.290381819573,1.3336834187664,1.2526449812336,1.301440000
2016-05-26 17:00,1.2755266604884,1.2929542,46.568103589575,1.3324527457494,1.2534556542506,1.297380000
2016-05-29 17:00,1.2763836541947,1.2924634,46.703030954428,1.3300542390989,1.2548725609011,1.302560000
2016-05-31 17:00,1.2774101775596,1.2917014,46.791969243913,1.3290470227946,1.2543557772054,1.309050000
2016-06-01 17:00,1.2786509549103,1.2915616,48.989796803191,1.3291936065179,1.2539295934821,1.307450000
2016-06-02 17:00,1.2797803292275,1.2917906,49.680872337172,1.3293313842582,1.2542498157418,1.309270000
2016-06-05 17:00,1.2809367869048,1.2917414,49.627046694967,1.3294277326504,1.2540550673496,1.294080000
2016-06-06 17:00,1.2814522070262,1.291831,48.685342766995,1.32864776567,1.25501423433,1.281480000
2016-06-07 17:00,1.2814532969468,1.2913052,45.969151513293,1.3269810633746,1.2556293366254,1.273280000
2016-06-08 17:00,1.2811327754979,1.2904404,45.510692949291,1.3255128550792,1.2553679449208,1.268940000
2016-06-09 17:00,1.2806546274391,1.2895348,45.244311823946,1.3246764730712,1.2543931269288,1.271870000
2016-06-12 17:00,1.2803101322454,1.2887638,46.13516676419,1.3241290664155,1.2533985335845,1.278930000
2016-06-13 17:00,1.2802560094123,1.2882728,46.182315802569,1.3235589159007,1.2529866840993,1.283560000
2016-06-15 17:00,1.2803855776706,1.287845,46.706088884782,1.3228823814661,1.2528076185339,1.291010000
2016-06-16 17:00,1.2808022216835,1.2874574,47.033976124885,1.3219841539557,1.2529306460443,1.29610000
2016-06-19 17:00,1.2814021345587,1.2871046,47.314578005115,1.3208911293512,1.2533180706488,1.284680000
2016-06-20 17:00,1.2815306783015,1.2867528,47.322597339341,1.3199539345107,1.2535516654893,1.280330000
2016-06-21 17:00,1.2814835928779,1.2862694,46.393290954129,1.3185344158952,1.2540043841048,1.281130000
2016-06-22 17:00,1.2814697264905,1.2855886,46.889983232012,1.317639907081,1.253537292919,1.284090000
2016-06-23 17:00,1.2815724823144,1.2852398,47.265600501725,1.3172601002434,1.2532194997566,1.277330000
2016-06-26 17:00,1.281406110459,1.2851272,47.102752181109,1.3171123220013,1.2531420779987,1.303960000
2016-06-27 17:00,1.2822905767155,1.2851592,48.261262086381,1.3175681800494,1.2527502199506,1.306930000
2016-06-28 17:00,1.283256828609,1.2856052,51.419094069806,1.3185568001821,1.2526535998179,1.302380000
2016-06-29 17:00,1.2840067568988,1.286056,51.453447687423,1.3192127921006,1.2528992078994,1.292960000
2016-06-30 17:00,1.2843578644714,1.2861962,51.094320771801,1.3193340426359,1.2530583573641,1.292210000
2016-07-03 17:00,1.2846657913549,1.286487,52.324466044251,1.3191995753557,1.2537744246443,1.29120000
2016-07-04 17:00,1.2849220348312,1.2869906,54.167218323845,1.3191386821425,1.2548425178575,1.284310000
2016-07-05 17:00,1.2848980334653,1.287505,54.26420850189,1.3194000803103,1.2556099196897,1.297690000
2016-07-06 17:00,1.2853996792117,1.2877236,53.812666275092,1.3191293106501,1.2563178893499,1.29590000
2016-07-07 17:00,1.2858114564975,1.288363,55.21891018316,1.319272559751,1.257453440249,1.300060000
2016-07-10 17:00,1.2863702229094,1.288925,56.567379950769,1.3189000782484,1.2589499217516,1.304320000
2016-07-11 17:00,1.2870741357365,1.2897202,56.568426617326,1.318727282018,1.260713117982,1.311650000
2016-07-12 17:00,1.2880378951194,1.2906106,55.295313275508,1.3184439321469,1.2627772678531,1.303720000
2016-07-13 17:00,1.2886528796245,1.2917348,55.158986818991,1.3177332580281,1.2657363419719,1.297590000
2016-07-14 17:00,1.2890033549333,1.2926998,55.637747336377,1.31610152448,1.26929807552,1.288920000
2016-07-17 17:00,1.2890000861124,1.2935928,54.98495788207,1.3161781313741,1.2710074686259,1.293990000
2016-07-18 17:00,1.28919576901,1.2939242,52.67128808641,1.3164129689552,1.2714354310448,1.294290000
2016-07-19 17:00,1.2893955427743,1.2940654,51.174161788185,1.3164147703428,1.2717160296572,1.302050000
2016-07-20 17:00,1.2898917959988,1.2942456,49.504632528863,1.3166994006404,1.2717917993596,1.305280000
2016-07-21 17:00,1.2904952549793,1.2943838,49.161776355142,1.3170410505622,1.2717265494378,1.30840000
2016-07-24 17:00,1.2911974018428,1.2945668,49.527325254795,1.3175335879025,1.2716000120975,1.312390000
2016-07-25 17:00,1.2920284841235,1.294916,48.930813019997,1.3182358215431,1.2715961784569,1.321680000
2016-07-27 17:00,1.2931912886677,1.2954604,48.588912729343,1.3197065285718,1.2712142714282,1.318580000
2016-07-28 17:00,1.2941869244062,1.2962056,48.088398649845,1.3212153165246,1.2711958834754,1.315270000
2016-07-31 17:00,1.2950137116844,1.296686,48.023505290322,1.3221409950776,1.2712310049224,1.3030000
2016-08-01 17:00,1.2953268994615,1.2972032,48.362274112676,1.3226271334801,1.2717792665199,1.312120000
2016-08-02 17:00,1.2959854524238,1.2974456,47.9737136084,1.3231469719976,1.2717442280024,1.310610000
2016-08-03 17:00,1.2965589640934,1.2976206,47.439546974865,1.3233669260385,1.2718742739615,1.306470000
2016-08-04 17:00,1.2969476321682,1.2976452,48.205962146888,1.3232323941158,1.2720580058842,1.301360000
2016-08-07 17:00,1.2971206662008,1.2975534,49.23660313342,1.3227334036251,1.2723733963749,1.317510000
2016-08-08 17:00,1.2979202479184,1.2972994,49.902326689431,1.3227908827031,1.2718079172969,1.314960000
2016-08-09 17:00,1.2985884734902,1.2974152,50.914547464855,1.3233592114709,1.2714711885291,1.311490000
2016-08-10 17:00,1.2990944157063,1.2976856,52.188977397837,1.3239160539038,1.2714551460962,1.30580000
2016-08-11 17:00,1.2993573797963,1.2979678,52.288875190604,1.3242535103598,1.2716820896402,1.299230000
2016-08-14 17:00,1.2993523845101,1.2980326,52.523653995084,1.3241348187961,1.2719303812039,1.295310000
2016-08-15 17:00,1.2991938596274,1.2978362,52.416223642554,1.3238032571517,1.2718691428483,1.291990000
2016-08-16 17:00,1.2989113553283,1.2975934,52.055525894287,1.323393722829,1.271793077171,1.285810000
2016-08-17 17:00,1.2983975766879,1.2972478,53.258047232411,1.3232255205621,1.2712700794379,1.284230000
2016-08-21 17:00,1.2978419854453,1.2970824,54.653354375002,1.3229372347695,1.2712275652305,1.28930000
2016-08-22 17:00,1.2975070056239,1.2971374,56.462620331809,1.3221941421123,1.2720806578877,1.29440000
2016-08-23 17:00,1.2973851622661,1.2974578,56.737203262054,1.3211878762443,1.2737277237557,1.290860000
2016-08-24 17:00,1.2971292735498,1.297967,56.363696291678,1.3205863692043,1.2753476307957,1.292510000
2016-08-25 17:00,1.2969481255674,1.2983468,57.226821429891,1.320338238334,1.276355361666,1.29180000
2016-08-28 17:00,1.2967462382903,1.2986184,56.354597691522,1.320272663026,1.276964136974,1.299010000
2016-08-29 17:00,1.2968350132593,1.2987832,57.43736124326,1.3203231344252,1.2772432655748,1.300940000
2016-08-30 17:00,1.2969959931315,1.2989432,57.396825396825,1.3204731477231,1.2774132522769,1.309620000
2016-08-31 17:00,1.2974910522244,1.29904,56.855810962868,1.3203932037877,1.2776867962123,1.31040000
2016-09-01 17:00,1.2979972854705,1.2995388,58.466942971109,1.3203926514352,1.2786849485648,1.310000
2016-09-04 17:00,1.2984679801579,1.3001402,57.498256492003,1.3204454364675,1.2798349635325,1.298070000
2016-09-06 17:00,1.2984523730929,1.3007176,59.239893672211,1.3204511166982,1.2809840833018,1.28440000
2016-09-07 17:00,1.2979012996383,1.3009972,58.442530887308,1.3201368298815,1.2818575701185,1.288020000
2016-09-08 17:00,1.2975137976917,1.3011386,57.209174480042,1.3206161882901,1.2816610117099,1.293480000
2016-09-11 17:00,1.2973556095469,1.3008198,53.006015995902,1.3203209015443,1.2813186984557,1.304960000
2016-09-12 17:00,1.2976538209372,1.3005508,53.500279080994,1.3200774772186,1.2810241227814,1.303840000
2016-09-13 17:00,1.2978964161946,1.3006024,54.46794963535,1.3200303832983,1.2811744167017,1.317270000
2016-09-15 17:00,1.2986561645791,1.30082,56.029960521335,1.3206435911984,1.2809964088016,1.315740000
2016-09-18 17:00,1.2993261189093,1.3013212,56.482529890814,1.3213313726769,1.2813110273231,1.321930000
2016-09-19 17:00,1.3002125456188,1.301812,56.381678908769,1.3219940857594,1.2816299142406,1.319850000
2016-09-20 17:00,1.300982641869,1.3025644,56.768621806405,1.3232297027541,1.2818990972459,1.318440000
2016-09-21 17:00,1.3016672441487,1.3030076,56.135639045574,1.3240142730426,1.2820009269574,1.309670000
2016-09-22 17:00,1.3019810777115,1.3034584,56.212301813107,1.3244971789075,1.2824196210925,1.303880000
2016-09-25 17:00,1.3020555452522,1.3036506,55.757831036072,1.3246851148934,1.2826160851066,1.315780000
2016-09-26 17:00,1.3025937591639,1.3036418,55.920372285419,1.3248339418833,1.2824496581167,1.322280000
2016-09-27 17:00,1.3033657686084,1.3037244,56.733625159322,1.3255561293937,1.2818926706063,1.319330000
2016-09-28 17:00,1.3039918168983,1.3040956,57.32892202027,1.3262598590564,1.2819313409436,1.307580000
2016-09-29 17:00,1.3041325299611,1.3045304,57.940912036523,1.3262501470777,1.2828106529223,1.314220000
2016-10-02 17:00,1.3045281170214,1.3049036,57.347970044725,1.3265508952509,1.2832563047491,1.312420000
2016-10-03 17:00,1.3048376026284,1.3053082,57.607567292823,1.326809007996,1.283807392004,1.311640000
2016-10-04 17:00,1.3051043633097,1.3056708,59.18353966711,1.3272012556831,1.2841403443169,1.318820000
2016-10-05 17:00,1.3056422314152,1.3058626,59.711293203098,1.3276987570868,1.2840264429132,1.317430000
2016-10-06 17:00,1.3061044968499,1.3061334,60.37627374585,1.3281861204997,1.2840806795003,1.321570000
2016-10-09 17:00,1.3067109871695,1.306314,61.573193571335,1.3287161926784,1.2839118073216,1.323830000
2016-10-10 17:00,1.307382321006,1.3064976,61.598282165864,1.3290212752454,1.2839739247546,1.317310000
2016-10-11 17:00,1.3077716417509,1.3065406,60.386140836638,1.3290126087326,1.2840685912674,1.326010000
2016-10-12 17:00,1.3084868714861,1.3065152,59.774218877317,1.3295208656535,1.2835095343465,1.327410000
2016-10-13 17:00,1.3092289549572,1.30673,59.886558330305,1.3304402521286,1.2830197478714,1.318730000
2016-10-16 17:00,1.3096015449589,1.3072182,60.493568901215,1.3310908247137,1.2833455752863,1.312260000
2016-10-17 17:00,1.3097057980978,1.3073504,59.213467396367,1.3312441363709,1.2834566636291,1.312560000
2016-10-18 17:00,1.3098177275841,1.3073834,58.298225958435,1.3313204698457,1.2834463301543,1.31070000
2016-10-19 17:00,1.3098523265024,1.3075052,57.127486280002,1.3313949348868,1.2836154651132,1.311220000
2016-10-20 17:00,1.3099059607572,1.307692,57.747963700551,1.3314378238181,1.2839461761819,1.322510000
2016-10-23 17:00,1.310400236806,1.3075662,54.73900718914,1.3315931173354,1.2835392826646,1.332420000
2016-10-24 17:00,1.3112637569312,1.3077172,55.465664246583,1.3327148218325,1.2827195781675,1.328750000
2016-10-25 17:00,1.3119494919535,1.3081358,55.978966225315,1.3337822293,1.2824893707,1.334520000
2016-10-26 17:00,1.3128346099161,1.3085948,56.395445198122,1.3351212006816,1.2820683993184,1.337950000
2016-10-27 17:00,1.3138195271743,1.3093006,56.814583091955,1.3367170442829,1.2818841557171,1.338240000
2016-10-30 17:00,1.3147771927753,1.3101534,56.291015150288,1.33817960534,1.28212719466,1.342330000
2016-10-31 17:00,1.3158576950194,1.3110784,55.128362003893,1.3395230712563,1.2826337287437,1.340690000
2016-11-01 17:00,1.316831510901,1.3122088,55.297690899887,1.3406034710944,1.2838141289056,1.33850000
2016-11-02 17:00,1.3176812555716,1.313338,55.282622236064,1.3417207595558,1.2849552404442,1.338720000
2016-11-03 17:00,1.3185063043727,1.314322,55.913272010513,1.3429153230248,1.2857286769752,1.339220000
2016-11-06 17:00,1.319318606162,1.3152084,55.095623494265,1.3437238745694,1.2866929254306,1.334050000
2016-11-07 17:00,1.3198963078811,1.3161756,54.065094215312,1.3442851192189,1.2880660807811,1.33620000
2016-11-08 17:00,1.3205356683564,1.3170064,54.500430024615,1.3446835871866,1.2893292128134,1.328490000
2016-11-09 17:00,1.3208476029306,1.3178944,53.033540865027,1.345158372723,1.290630427277,1.341940000
2016-11-10 17:00,1.3216747557569,1.318484,51.961237634402,1.3460761194547,1.2908918805453,1.346780000
2016-11-13 17:00,1.322659275139,1.319304,53.947869517715,1.3477913219801,1.2908166780199,1.349790000
2016-11-14 17:00,1.3237232251335,1.3200472,53.304171124349,1.3495877379667,1.2905066620333,1.355330000
2016-11-15 17:00,1.3249627065008,1.320835,53.680158619271,1.3517536269423,1.2899163730577,1.344390000
2016-11-16 17:00,1.3257245611479,1.3217416,52.670129757221,1.3525455320191,1.2909376679809,1.344290000
2016-11-17 17:00,1.3264526175734,1.322668,52.897775643404,1.3520906960831,1.2932453039169,1.351910000
2016-11-20 17:00,1.327450946296,1.3238658,56.228971854189,1.3525028495603,1.2952287504397,1.349470000
2016-11-21 17:00,1.3283144385982,1.3251436,56.858196740057,1.3530843360304,1.2972028639696,1.341290000
2016-11-22 17:00,1.3288232841433,1.3262634,57.35197371106,1.3537847740616,1.2987420259384,1.343750000
2016-11-23 17:00,1.3294086455495,1.32699,55.409778196152,1.3540992649845,1.2998807350155,1.348260000
2016-11-24 17:00,1.3301479143515,1.3277882,54.114059254239,1.3553025729741,1.3002738270259,1.348720000
2016-11-27 17:00,1.3308762314357,1.328408,52.51949178237,1.3562588894221,1.3005571105779,1.349470000
2016-11-28 17:00,1.3316053988304,1.3290676,50.957353177878,1.3574076204714,1.3007275795286,1.341050000
2016-11-30 17:00,1.3319757753468,1.3296184,49.931298270395,1.3579867630998,1.3012500369002,1.343320000
2016-12-01 17:00,1.3324206469019,1.3300424,48.428423676224,1.3584568195619,1.3016279804381,1.331330000
2016-12-04 17:00,1.3323778764351,1.33054,47.150665932407,1.3583175843442,1.3027624156558,1.32870000
2016-12-05 17:00,1.3322336459867,1.3309732,46.414003339546,1.357666525368,1.304279874632,1.327110000
2016-12-07 17:00,1.3320327186931,1.3314696,47.136725559962,1.3578016218077,1.3051375781923,1.323070000
2016-12-08 17:00,1.3316812395287,1.3316962,46.451984626086,1.3580026574308,1.3053897425692,1.318890000
2016-12-11 17:00,1.3311796222922,1.331712,46.173241025695,1.3580352954776,1.3053887045224,1.313850000
2016-12-14 17:00,1.3305000292612,1.3317032,45.904073808822,1.3576234664492,1.3057829335508,1.327880000
2016-12-18 17:00,1.3303972830156,1.3318286,47.411847250853,1.3572891499548,1.3063680500452,1.333540000
2016-12-19 17:00,1.330520526819,1.3321018,48.983938596615,1.3569436329533,1.3072599670467,1.340220000
2016-12-20 17:00,1.3309008983162,1.3325242,48.528229385292,1.3567367797816,1.3083116202184,1.336530000
2016-12-27 17:00,1.3311216474019,1.3330958,47.957957649572,1.3569617115594,1.3092298884406,1.357450000
2016-12-29 17:00,1.3321541318175,1.33345,47.751099435755,1.3578350091655,1.3090649908345,1.350020000
2017-01-04 17:00,1.2830139425575,1.3083428,7.5679416837631,1.6830565975622,0.93362900243775,1.329880000
2017-01-05 17:00,1.2848518271631,1.3088466,7.2929064102051,1.6835748222559,0.93411837774414,1.322380000
2017-01-08 17:00,1.2863235202155,1.308924,7.5389186713457,1.6836350395107,0.93421296048929,1.324230000
2017-01-09 17:00,1.2878100488345,1.3088234,7.618895614919,1.6835492470639,0.9340975529361,1.321340000
2017-01-10 17:00,1.2891249488802,1.3089334,7.6428712865577,1.6836744314527,0.93419236854729,1.322670000
2017-01-15 17:00,1.290440441081,1.309115,7.6706202183433,1.6838742004741,0.93435579952588,1.313190000
2017-01-16 17:00,1.2913325806465,1.3093172,7.216660145953,1.684077579064,0.93455682093604,1.317390000
2017-01-17 17:00,1.2923544402289,1.309367,7.711087780144,1.6841338696531,0.93460013034688,1.303740000
2017-01-18 17:00,1.292800932769,1.3094904,7.3758502336316,1.6842426251417,0.93473817485832,1.326410000
2017-01-19 17:00,1.2941189354055,1.309115,7.8490063864094,1.6838404275706,0.93438957242936,1.33140000
2017-01-22 17:00,1.2955809379386,1.3089948,8.4449295711285,1.6837320763426,0.93425752365744,1.332210000
2017-01-23 17:00,1.2970173717449,1.3090478,8.1882381098689,1.6837730692407,0.93432253075929,1.323480000
2017-01-24 17:00,1.2980551218726,1.3090016,7.6615271693176,1.6836597748822,0.93434342511778,1.315590000
2017-01-25 17:00,1.2987427641521,1.3087122,7.9032408908545,1.6832818811669,0.93414251883314,1.306730000
2017-01-26 17:00,1.2990559890873,1.3082592,8.272901813557,1.6827040513956,0.93381434860444,1.308710000
2017-01-29 17:00,1.2994345777506,1.3075472,8.8360132243421,1.6818721277214,0.93322227227864,1.313060000
2017-01-30 17:00,1.2999689080348,1.3069076,8.7099477009912,1.6811277183047,0.93268748169528,1.311480000
2017-01-31 17:00,1.300420323406,1.3063988,8.3453421134237,1.6805086155945,0.93228898440549,1.302930000
2017-02-01 17:00,1.300518742096,1.305854,8.3484385834722,1.6798440903521,0.93186390964786,1.304410000
2017-02-02 17:00,1.3006713404452,1.3051282,8.9224616996649,1.6790260525784,0.93123034742163,1.30240000
2017-02-05 17:00,1.3007391310159,1.3045354,8.9805420670869,1.6783245806334,0.93074621936664,1.302450000
2017-02-06 17:00,1.3008062239173,1.3038594,8.9976203670502,1.6775814213618,0.93013737863824,1.30770000
2017-02-07 17:00,1.3010765680774,1.3033386,8.8728578423372,1.6769016878692,0.92977551213076,1.31860000
2017-02-08 17:00,1.3017637614861,1.3026538,8.5779741250965,1.6760330677636,0.9292745322364,1.314430000
2017-02-09 17:00,1.302260476722,1.3020902,8.4360887612138,1.6752402596213,0.92894014037873,1.314060000
2017-02-12 17:00,1.302723203125,1.301383,8.7640891119796,1.674235518658,0.92853048134202,1.308440000
2017-02-13 17:00,1.3029473912378,1.3005576,9.2331857200131,1.6732069576597,0.92790824234034,1.306930000
2017-02-14 17:00,1.3031035719735,1.2998386,9.5204735146865,1.6722784270856,0.92739877291444,1.307390000
2017-02-15 17:00,1.3032716671903,1.2990914,9.574408822254,1.6712358834317,0.92694691656831,1.307610000
2017-02-16 17:00,1.3034417978887,1.298201,8.927498408322,1.6700681090774,0.92633389092258,1.306620000
2017-02-19 17:00,1.3035664332656,1.2973638,8.4462475932548,1.6690287519306,0.92569884806937,1.309630000
2017-02-20 17:00,1.3038042201964,1.2966704,8.4537040345924,1.668112226238,0.92522857376197,1.310030000
2017-02-21 17:00,1.304048368424,1.295988,8.0768172800462,1.6671542065199,0.92482179348006,1.313720000
2017-02-22 17:00,1.3044276480936,1.2952234,7.950546257346,1.6661148038499,0.92433199615009,1.315940000
2017-02-23 17:00,1.3048791128742,1.2945234,7.9001864536999,1.6651359157116,0.9239108842884,1.310030000
2017-02-26 17:00,1.3050811084478,1.2938528,8.0082080787959,1.664250651065,0.92345494893496,1.309610000
2017-02-27 17:00,1.3052587120381,1.2932324,8.540026623851,1.6633861317624,0.92307866823764,1.317780000
2017-02-28 17:00,1.3057497429386,1.2925582,8.5818498111074,1.6626157602425,0.92250063975749,1.329920000
2017-03-01 17:00,1.3066975961566,1.2922872,8.9678173763057,1.6623541277025,0.92222027229746,1.332360000
2017-03-02 17:00,1.3077039649348,1.2923116,9.134292470335,1.6624209949818,0.92220220501825,1.33880000
2017-03-05 17:00,1.3089234172903,1.2924166,8.6430583699896,1.6626568777425,0.92217632225745,1.337410000
2017-03-06 17:00,1.3100405381809,1.2927312,8.3786320263867,1.6631126525032,0.92234974749677,1.340610000
2017-03-07 17:00,1.3112393406052,1.2931016,8.3924265146541,1.6636795212678,0.92252367873215,1.340710000
2017-03-08 17:00,1.3123950527383,1.2936368,7.9730521029458,1.6643257708745,0.92294782912549,1.348620000
2017-03-09 17:00,1.3138156389054,1.2938934,7.4279917472775,1.6647355518412,0.92305124815876,1.350520000
2017-03-12 17:00,1.315255025615,1.294195,7.145909225878,1.6651503532866,0.92323964671338,1.345070000
2017-03-13 17:00,1.3164242402968,1.294401,6.9717494857442,1.6654415691856,0.92336043081436,1.344010000
2017-03-14 17:00,1.3175060347949,1.2945718,7.1564195456921,1.6654494411403,0.92369415885974,1.347690000
2017-03-15 17:00,1.3186897197049,1.294303,7.1683207828468,1.665152833084,0.92345316691604,1.330180000
2017-03-16 17:00,1.3191403189322,1.2942564,6.2981791843703,1.3544632110752,1.2340495889248,1.331830000
2017-03-19 17:00,1.3196379534839,1.32086,6.2579183458532,1.3485370314882,1.2931829685118,1.334270000
2017-03-20 17:00,1.3202117592296,1.3206466,41.870583775833,1.3484649971846,1.2928282028154,1.33490000
2017-03-21 17:00,1.3207877686716,1.3207344,42.911032016343,1.348835447747,1.292633352253,1.335240000
2017-03-22 17:00,1.3213545228413,1.3209848,42.657985988253,1.3493543688399,1.2926152311601,1.33260000
2017-03-23 17:00,1.3217955219456,1.321205,42.349969762726,1.3497536375857,1.2926563624143,1.334850000
2017-03-26 17:00,1.3223074622615,1.3214302,42.406539975422,1.3502244036195,1.2926359963805,1.335580000
2017-03-27 17:00,1.3228279539375,1.3216738,42.594663684295,1.3506320699953,1.2927155300047,1.337650000
2017-03-28 17:00,1.3234092106458,1.3221216,42.938375670064,1.3513667492593,1.2928764507407,1.338140000
2017-03-29 17:00,1.3239868886597,1.3225268,42.502697889232,1.3516109582281,1.2934426417719,1.332430000
2017-03-30 17:00,1.3243179910652,1.3232148,44.167181896872,1.3523690746862,1.2940605253138,1.333820000
2017-04-02 17:00,1.3246906188666,1.3233352,39.53070228454,1.3525500070403,1.2941203929597,1.331060000
2017-04-03 17:00,1.3249403985189,1.3233836,38.624553070667,1.3525722505779,1.2941949494221,1.337670000
2017-04-04 17:00,1.3254395985769,1.3233606,39.702168986727,1.3528284601245,1.2938927398755,1.339740000
2017-04-05 17:00,1.3260003986327,1.3236444,41.723223175287,1.3533692752556,1.2939195247444,1.343170000
2017-04-06 17:00,1.3266737163334,1.3241274,42.530397633914,1.3539171824765,1.2943376175235,1.341220000
2017-04-09 17:00,1.3272441588302,1.3248562,44.216362900364,1.3546198099343,1.2950925900657,1.340000
2017-04-10 17:00,1.3277443878956,1.3255064,45.212758106652,1.3553156864993,1.2956971135007,1.332350000
2017-04-11 17:00,1.327925000135,1.3260452,45.830351899646,1.3556026149073,1.2964877850927,1.332250000
2017-04-12 17:00,1.3280946079729,1.3264626,43.796907826636,1.3552952333144,1.2976299666856,1.32510000
2017-04-13 17:00,1.3279771723661,1.327049,46.680137117122,1.3551425442121,1.2989554557879,1.332280000
2017-04-16 17:00,1.3281459107047,1.3274628,45.920873774831,1.3546688144527,1.3002567855473,1.331230000
2017-04-17 17:00,1.3282668553829,1.3280604,46.288429658654,1.3542724396276,1.3018483603724,1.331360000
2017-04-18 17:00,1.3283881551718,1.328636,48.018388242669,1.3541560722256,1.3031159277744,1.338080000
2017-04-19 17:00,1.328768227518,1.3291092,46.752443693961,1.3545646703528,1.3036537296472,1.348060000
2017-04-20 17:00,1.3295247676154,1.3294988,45.672271966223,1.355126319802,1.303871280198,1.346510000
2017-04-23 17:00,1.3301908551599,1.3301714,47.518602969267,1.3557751110466,1.3045676889534,1.346110000
2017-04-24 17:00,1.3308151353497,1.3308204,47.104595634207,1.3559698807199,1.3056709192801,1.349650000
2017-04-25 17:00,1.3315537574928,1.3315738,48.99287294419,1.3562270047507,1.3069205952493,1.356950000
2017-04-26 17:00,1.3325496885715,1.3324282,48.259043557539,1.3569804521232,1.3078759478768,1.361380000
2017-04-27 17:00,1.3336802890197,1.3334194,49.798674587561,1.3580798293653,1.3087589706347,1.363460000
2017-04-30 17:00,1.3348481208229,1.3344948,50.701577838115,1.3591619664915,1.3098276335085,1.365740000
2017-05-01 17:00,1.3360595670651,1.3356316,49.322006208136,1.3605662034578,1.3106969965422,1.367540000
2017-05-02 17:00,1.3372940938469,1.3367538,49.170455941993,1.3619606920766,1.3115469079234,1.37070000
2017-05-03 17:00,1.3386041293823,1.337904,49.4603071158,1.3637758478041,1.3120321521959,1.372430000
2017-05-04 17:00,1.3399306341124,1.3390436,49.350967425912,1.3657012027789,1.3123859972211,1.37450000
2017-05-07 17:00,1.3412862955197,1.3401734,49.249458055544,1.3671381411647,1.3132086588353,1.365370000
2017-05-08 17:00,1.342230754519,1.3414628,49.839014043672,1.3676353681613,1.3152902318387,1.368790000
2017-05-09 17:00,1.3432722935574,1.342578,46.348293347461,1.3687657622412,1.3163902377588,1.371720000
2017-05-10 17:00,1.3443878898885,1.3435982,45.366267195869,1.3706155103295,1.3165808896705,1.365230000
2017-05-11 17:00,1.3452052275399,1.3444342,43.355972832601,1.3718216751082,1.3170467248918,1.36910000
2017-05-14 17:00,1.3461422774403,1.3450916,42.740840283555,1.3732214883211,1.3169617116789,1.369450000
2017-05-15 17:00,1.347056305776,1.3456976,42.141728134879,1.3744979654199,1.3168972345801,1.362720000
2017-05-16 17:00,1.3476705682946,1.3463384,40.494780243881,1.3754358557293,1.3172409442707,1.360490000
2017-05-17 17:00,1.3481732911066,1.3467806,39.764649565341,1.3760716806165,1.3174895193835,1.360210000
2017-05-18 17:00,1.3486453189063,1.3471762,41.18460810368,1.3766849281488,1.3176674718512,1.35990000
2017-05-21 17:00,1.3490866789492,1.347408,41.195026689538,1.3771108509339,1.3177051490661,1.351330000
2017-05-22 17:00,1.3491746523238,1.3475956,42.644674702192,1.377306270568,1.317884929432,1.350120000
2017-05-23 17:00,1.3492117247816,1.3477208,41.727015656252,1.3774196238043,1.3180219761957,1.351260000
2017-05-24 17:00,1.3492920493,1.347843,41.683891415185,1.3775565087528,1.3181294912472,1.340670000
2017-05-25 17:00,1.3489539297196,1.3479144,40.995491936608,1.377272703793,1.318556096207,1.347920000
2017-05-28 17:00,1.3489133834561,1.3481242,43.073392255481,1.377115529686,1.319132870314,1.344640000
2017-05-29 17:00,1.3487457997912,1.348446,44.588621132183,1.3771716872642,1.3197203127358,1.34470000
2017-05-30 17:00,1.3485871409758,1.3486534,44.9595456175,1.3771334091039,1.3201733908961,1.345550000
2017-05-31 17:00,1.3484680374081,1.3488494,44.804737064712,1.3770807810558,1.3206180189442,1.349770000
2017-06-01 17:00,1.3485190947647,1.3490556,44.943290886462,1.3768983493298,1.3212128506702,1.350890000
2017-06-04 17:00,1.3486120714406,1.349399,44.835030741071,1.3769306358105,1.3218673641895,1.34890000
2017-06-05 17:00,1.3486233627566,1.3497198,44.540907804095,1.3769528382088,1.3224867617912,1.346860000
2017-06-06 17:00,1.348554211276,1.3499862,45.775408287218,1.3770040052018,1.3229683947982,1.345040000
2017-06-07 17:00,1.3484163990691,1.3501704,46.62526722997,1.3770097986103,1.3233310013897,1.350380000
2017-06-11 17:00,1.3484934030272,1.3503084,47.961411700082,1.3766656869803,1.3239511130197,1.345480000
2017-06-13 17:00,1.3483752303594,1.3506674,49.119192573902,1.3766219177478,1.3247128822522,1.323670000
2017-06-14 17:00,1.3474063977963,1.3509006,49.262986179019,1.3773816867602,1.3244195132398,1.324420000
2017-06-15 17:00,1.3465049704317,1.3507528,44.146729045559,1.3780097461356,1.3234958538644,1.326360000
2017-06-18 17:00,1.3457149715913,1.3504878,42.584193866431,1.3784161199437,1.3225594800563,1.321280000
2017-06-19 17:00,1.3447567374112,1.3502202,42.548538244897,1.3792500295606,1.3211903704394,1.321320000
2017-06-20 17:00,1.3438376496696,1.3497824,42.368597896577,1.3797975263626,1.3197672736374,1.326240000
2017-06-21 17:00,1.343147545761,1.3493844,40.873623296621,1.3799798555057,1.3187889444943,1.333220000
2017-06-22 17:00,1.342758230241,1.3491092,40.551097801143,1.3796625407142,1.3185558592858,1.323130000
2017-06-25 17:00,1.3419884957217,1.3491266,42.218316895939,1.3801875997341,1.3180656002659,1.325960000
2017-06-26 17:00,1.341359927262,1.3489442,39.840341558633,1.3799511481168,1.3179372518832,1.323990000
2017-06-27 17:00,1.3406787536439,1.3489614,40.206619016157,1.3804106255091,1.3175121744909,1.319440000
2017-06-28 17:00,1.3398458613442,1.3487956,39.94014577991,1.3809390270482,1.3166521729518,1.303480000
2017-06-29 17:00,1.3384197491346,1.3485598,39.129913399062,1.3827926192774,1.3143269807226,1.300040000
2017-07-02 17:00,1.3369146609332,1.3480022,37.680935455623,1.3847009200147,1.3113034799853,1.296680000
2017-07-03 17:00,1.3353368310927,1.3472414,37.162556489989,1.3865980206537,1.3078847793463,1.300530000
2017-07-04 17:00,1.3339718573244,1.3462138,35.563279207429,1.3875861759298,1.3048414240702,1.29330000
2017-07-05 17:00,1.3323768825273,1.3452942,35.130644314003,1.3891634299654,1.3014249700346,1.294960000
2017-07-06 17:00,1.3309095538008,1.344238,33.939397282642,1.3901941707195,1.2982818292805,1.297760000
2017-07-09 17:00,1.3296095712988,1.3431442,33.409945636157,1.390649084729,1.295639315271,1.287950000
2017-07-10 17:00,1.3279758626204,1.3419604,32.107498067703,1.3915013803989,1.2924194196011,1.288980000
2017-07-11 17:00,1.3264466131059,1.3404918,30.970158961417,1.3916362599275,1.2893473400725,1.291280000
2017-07-12 17:00,1.325067530239,1.3390022,30.645372088768,1.3912695896666,1.2867348103334,1.274970000
2017-07-13 17:00,1.32310292121,1.337513,30.65158705563,1.3919538821163,1.2830721178837,1.271940000
2017-07-16 17:00,1.3210965321429,1.3356616,29.500863634351,1.3920239912225,1.2792992087775,1.264340000
2017-07-17 17:00,1.3188707857844,1.3336864,29.763257883285,1.3922162386835,1.2751565613165,1.269670000
2017-07-18 17:00,1.3169413432046,1.3315246,29.907018397113,1.3912353781078,1.2718138218922,1.262320000
2017-07-19 17:00,1.3147993297456,1.329428,30.997033616073,1.391110465904,1.267745534096,1.260470000
2017-07-20 17:00,1.3126687677948,1.327367,31.222871786658,1.3906795833496,1.2640544166504,1.258320000
2017-07-23 17:00,1.3105374435676,1.3252006,31.563218727568,1.3898104046813,1.2605907953187,1.253570000
2017-07-24 17:00,1.3083034261727,1.3229326,32.002672739935,1.3892320689535,1.2566331310465,1.250620000
2017-07-25 17:00,1.3060413310287,1.3206994,32.224298569468,1.3883836019417,1.2530151980583,1.250480000
2017-07-26 17:00,1.3038624553021,1.3183298,32.163834286162,1.3870168935242,1.2496427064758,1.244280000
2017-07-27 17:00,1.3015258884275,1.3159504,33.863354835342,1.3861729796986,1.2457278203014,1.255190000
2017-07-30 17:00,1.2997087947637,1.3135816,33.931955436283,1.3843311605821,1.2428320394179,1.244190000
2017-07-31 17:00,1.2975315871259,1.3114756,36.478034251675,1.3833083515586,1.2396428484414,1.247470000
2017-08-01 17:00,1.2955683876308,1.3091552,35.078046684806,1.3815210034268,1.2367893965732,1.253490000
2017-08-02 17:00,1.2939182547825,1.3069066,34.353128890716,1.3796181965497,1.2341950034503,1.25650000
2017-08-03 17:00,1.292450872242,1.3049498,35.512315840285,1.37772495304,1.23217464696,1.258130000
2017-08-06 17:00,1.2911049556835,1.3030774,34.732284299624,1.3755901288059,1.2305646711941,1.265350000
2017-08-07 17:00,1.2900949574214,1.3012148,34.875057663786,1.3734822505542,1.2289473494458,1.26770000
2017-08-08 17:00,1.289216723797,1.2997084,36.526039231696,1.3711893190584,1.2282274809416,1.266390000
2017-08-09 17:00,1.2883215581579,1.298104,35.16632813656,1.3688601988238,1.2273478011762,1.269570000
2017-08-10 17:00,1.287586202936,1.296539,35.44813559322,1.3663191574604,1.2267588425396,1.27390000
2017-08-13 17:00,1.2870494890954,1.2950364,36.323631694398,1.3635334732058,1.2265393267942,1.266810000
2017-08-14 17:00,1.2862557836407,1.2936034,37.272547598656,1.3606010941991,1.2266057058009,1.271680000
2017-08-15 17:00,1.2856841842822,1.2919442,36.966613104803,1.357002340817,1.226886059183,1.275460000
2017-08-16 17:00,1.285283235879,1.29036,38.004302208174,1.3533372117516,1.2273827882484,1.26130000
2017-08-17 17:00,1.2843427168249,1.2888912,37.405693576176,1.3501249415953,1.2276574584047,1.267940000
2017-08-20 17:00,1.2836994730279,1.28718,35.749831835324,1.346337840799,1.228022159201,1.255770000
2017-08-21 17:00,1.2826041995758,1.285638,35.779105799026,1.3424375135613,1.2288384864387,1.255780000
2017-08-22 17:00,1.2815522701807,1.2837458,34.770922526025,1.3382392951993,1.2292523048007,1.255960000
2017-08-23 17:00,1.2805486517422,1.2819518,33.572632041609,1.3355379970242,1.2283656029758,1.254960000
2017-08-24 17:00,1.2795451752033,1.2805976,34.697739143576,1.3331627575126,1.2280324424874,1.251860000
2017-08-27 17:00,1.2784594820581,1.2792084,36.198537593387,1.3305635283297,1.2278532716703,1.247490000
2017-08-28 17:00,1.2772449925656,1.2777184,37.113121447442,1.3282135508515,1.2272232491485,1.250540000
2017-08-30 17:00,1.2761977379552,1.2762426,37.21465659248,1.3255512244935,1.2269339755065,1.261670000
2017-09-03 17:00,1.2756280227413,1.274827,37.993759037979,1.3220044264071,1.2276495735929,1.24190000
2017-09-04 17:00,1.2743053551828,1.2735356,39.541571199317,1.3184146083812,1.2286565916188,1.241060000
2017-09-06 17:00,1.2730016157638,1.2717092,36.995229285172,1.3148879497327,1.2285304502673,1.222290000
2017-09-07 17:00,1.2710129249496,1.2700678,38.214154629548,1.3123327981048,1.2278028018952,1.211090000
2017-09-10 17:00,1.2686630063241,1.2679944,36.961933239327,1.3101529388286,1.2258358611714,1.215580000
2017-09-11 17:00,1.2665813198016,1.2657364,35.876038079806,1.3072993061159,1.2241734938841,1.210580000
2017-09-12 17:00,1.2643851896133,1.2636592,35.68030244501,1.3061886316238,1.2211297683762,1.218110000
2017-09-14 17:00,1.2625704762951,1.2618012,37.005096329465,1.3045876594095,1.2190147405905,1.216270000
2017-09-17 17:00,1.2607547713424,1.2601626,37.383279106603,1.3033758416687,1.2169493583313,1.218980000
2017-09-18 17:00,1.2591165450152,1.2585544,37.579251714366,1.3014656292735,1.2156431707265,1.229160000
2017-09-19 17:00,1.257941778544,1.2569234,37.312243837673,1.2991908449419,1.2146559550581,1.228620000
2017-09-20 17:00,1.2567919048756,1.2556406,38.683040440398,1.2970493238055,1.2142318761945,1.231910000
2017-09-21 17:00,1.2558161439001,1.2543138,40.155876260343,1.2942736479857,1.2143539520143,1.232370000
2017-09-24 17:00,1.2548966872766,1.2529968,40.264747461766,1.2920627773982,1.2139308226018,1.233320000
2017-09-25 17:00,1.2540505426775,1.2518852,39.835405998537,1.2898153907319,1.2139550092681,1.236620000
2017-09-26 17:00,1.2533669919843,1.250772,39.817795990048,1.2870830588554,1.2144609411446,1.234820000
2017-09-28 17:00,1.2526396589653,1.2496788,40.037182852144,1.2854587354589,1.2138988645411,1.242540000
2017-10-01 17:00,1.2522435939078,1.2488758,42.273199645895,1.2840649936344,1.2136866063656,1.248560000
2017-10-02 17:00,1.2520991392448,1.2482878,42.47579758804,1.2831631272398,1.2134124727602,1.250530000
2017-10-03 17:00,1.2520376043724,1.2479722,43.032541153385,1.2823051267893,1.2136392732107,1.24840000
2017-10-04 17:00,1.2518949532206,1.2475894,42.358072581535,1.2816607521634,1.2135180478366,1.247250000
2017-10-05 17:00,1.2517127981923,1.247311,43.292871973619,1.2811738788971,1.2134481211029,1.256340000
2017-10-08 17:00,1.2518942570867,1.2470466,43.421374995289,1.2808572071617,1.2132359928383,1.252710000
2017-10-09 17:00,1.2519262470049,1.247007,43.625890277343,1.2808050322386,1.2132089677614,1.254570000
2017-10-10 17:00,1.2520299235929,1.2469898,43.836722617074,1.2808401808877,1.2131394191123,1.251150000
2017-10-11 17:00,1.2519954167854,1.2470688,42.746665218167,1.280924743568,1.213212856432,1.245580000
2017-10-12 17:00,1.2517438318134,1.2470822,42.124807106141,1.2809315211016,1.2132328788984,1.247310000
2017-10-15 17:00,1.251569956056,1.2471082,42.242841587044,1.28088025729,1.21333614271,1.247510000
2017-10-16 17:00,1.251410742093,1.2469506,40.483159278833,1.2807125292079,1.2131886707921,1.251480000
2017-10-18 17:00,1.2514134580894,1.247017,40.662961360535,1.2808020156253,1.2132319843747,1.246330000
2017-10-19 17:00,1.2512141067918,1.2470972,40.798910877939,1.280834111669,1.213360288331,1.247980000
2017-10-22 17:00,1.2510872790744,1.246954,40.558565586912,1.2805827274336,1.2133252725665,1.261750000
2017-10-23 17:00,1.2515054249931,1.2467836,40.276638357375,1.2805237148641,1.2130434851359,1.264210000
2017-10-24 17:00,1.2520036436208,1.246856,42.702484816427,1.2805473200454,1.2131646799546,1.266950000
2017-10-25 17:00,1.2525897752435,1.2468332,41.775195254316,1.280487976051,1.213178423949,1.278970000
2017-10-26 17:00,1.2536242938614,1.2468182,41.852297991026,1.2812376375619,1.2123987624381,1.284290000
2017-10-29 17:00,1.2548268705727,1.2470698,42.36369899477,1.2824925499621,1.2116470500379,1.281730000
2017-10-30 17:00,1.2558818952562,1.2473642,42.747379226677,1.2833165753274,1.2114118246726,1.282740000
2017-11-01 17:00,1.2569351542657,1.2475208,43.483787454706,1.2844252807903,1.2106163192097,1.286010000
2017-11-02 17:00,1.2580753442945,1.2478394,43.06980777569,1.285689424019,1.209989375981,1.28050000
2017-11-05 17:00,1.2589547425575,1.248126,42.775742118771,1.2862884164015,1.2099635835985,1.276050000
2017-11-07 17:00,1.2596251448101,1.2482268,42.975973951643,1.2870158079151,1.2094377920849,1.277470000
2017-11-08 17:00,1.2603249430529,1.2485218,44.990138559481,1.2877788194793,1.2092647805207,1.27260000
2017-11-09 17:00,1.2608063178351,1.2487124,43.967836599346,1.2884947187137,1.2089300812863,1.267770000
2017-11-12 17:00,1.2610794034102,1.249049,45.60457048003,1.2891313308005,1.2089666691995,1.268290000
2017-11-14 17:00,1.2613621719039,1.2492888,46.529925772165,1.2896829391987,1.2088946608013,1.273010000
2017-11-15 17:00,1.2618189494763,1.2495354,46.598338082808,1.2904398457261,1.2086309542739,1.275990000
2017-11-19 17:00,1.2623746769478,1.2498964,45.723698139413,1.2914513517511,1.2083414482489,1.27650000
2017-11-20 17:00,1.2629286111852,1.250379,44.947544680996,1.2925666667949,1.2081913332051,1.281520000
2017-11-21 17:00,1.2636576852563,1.2509592,43.992571926582,1.2940074943086,1.2079109056914,1.277450000
2017-11-22 17:00,1.2641985603443,1.2515788,44.357783460973,1.2951335811382,1.2080240188618,1.269520000
2017-11-23 17:00,1.2644072442524,1.2518944,43.339329171516,1.29563777031,1.20815102969,1.270880000
2017-11-26 17:00,1.2646610778111,1.2524468,46.23546675697,1.2963679993789,1.2085256006211,1.270320000
2017-11-27 17:00,1.2648829963283,1.2530432,44.643485299513,1.2963544833299,1.2097319166701,1.27650000
2017-11-28 17:00,1.2653385650998,1.2540038,49.979356647265,1.2960196902912,1.2119879097088,1.28140000
2017-11-29 17:00,1.2659684252919,1.255312,53.017696956557,1.2963807915771,1.2142432084229,1.285910000
2017-11-30 17:00,1.2667504478295,1.2566284,53.095872620771,1.2963608874912,1.2168959125088,1.289260000
2017-12-03 17:00,1.2676331753656,1.258135,53.742604137712,1.2971084831392,1.2191615168608,1.269770000
2017-12-04 17:00,1.2677169724101,1.259558,52.961841308298,1.296561613229,1.222554386771,1.267090000
2017-12-05 17:00,1.2676923852568,1.260628,46.525195618153,1.2956888601606,1.2255671398394,1.269050000
2017-12-06 17:00,1.2677456250506,1.2615902,47.350183699298,1.295440976348,1.227739423652,1.27850000
2017-12-07 17:00,1.2681673652447,1.262388,45.704981182762,1.2951427648076,1.2296332351924,1.284910000
2017-12-10 17:00,1.2688239391567,1.2633856,45.567966663635,1.2954277707529,1.2313434292471,1.285170000
2017-12-11 17:00,1.2694649611505,1.2644456,46.158249846657,1.2956587196416,1.2332324803584,1.285110000
2017-12-12 17:00,1.2700784920858,1.2655016,46.120795482445,1.2957952463886,1.2352079536114,1.2860000
2017-12-13 17:00,1.2707028649452,1.2665374,48.113586804244,1.2960689567324,1.2370058432676,1.281430000
2017-12-14 17:00,1.2711235369081,1.267525,47.652524457991,1.2957758404831,1.2392741595169,1.279110000
2017-12-17 17:00,1.2714367315392,1.2684572,46.802723278235,1.2958428983113,1.2410715016887,1.286720000
2017-12-18 17:00,1.2720360754004,1.2691886,46.716427272157,1.2963617771422,1.2420154228578,1.28580000
2017-12-19 17:00,1.2725758371494,1.2699518,47.040144473448,1.2968956005723,1.2430079994277,1.287340000
2017-12-20 17:00,1.2731548239278,1.2706572,48.466662665786,1.2972393869258,1.2440750130742,1.282770000
2017-12-21 17:00,1.2735318896562,1.271436,47.310457370414,1.2972752395554,1.2455967604446,1.273820000
2017-12-25 17:00,1.273543188101,1.2721464,46.313840186931,1.2975606542806,1.2467321457194,1.271290000
2017-12-26 17:00,1.2734548277833,1.272496,44.068980233167,1.2972789161157,1.2477130838843,1.268390000
2017-12-27 17:00,1.2732562070859,1.2728676,44.352902129986,1.2971258011666,1.2486093988334,1.265270000
2017-12-28 17:00,1.2729430224943,1.273144,45.245983200018,1.2966900366771,1.2495979633229,1.256330000
2018-01-02 17:00,1.2236468538755,1.2486952,5.9864419458608,1.6061107725485,0.89127962745152,1.25104
2018-01-03 17:00,1.2247210949,1.24883,6.1838615957773,1.6062452315501,0.89141476844992,1.2534
2018-01-04 17:00,1.2258457578451,1.2488212,6.4325930273076,1.6062380828984,0.89140431710161,1.24837
2018-01-07 17:00,1.226729061459,1.2489626,6.3442557456312,1.606379302266,0.89154589773398,1.241
2018-01-08 17:00,1.2272887061077,1.2489704,6.344779861481,1.6063759337335,0.89156486626646,1.24182
2018-01-09 17:00,1.2278585607701,1.2485554,6.7078395067234,1.6059376191608,0.89117318083917,1.24612
2018-01-10 17:00,1.2285746956419,1.2481076,5.9409365909706,1.6054493994501,0.89076580054989,1.25415
2018-01-11 17:00,1.2295776487539,1.247691,6.0506695226768,1.6049269652096,0.89045503479045,1.25125
2018-01-14 17:00,1.2304275448812,1.2471946,6.364730260958,1.6042769145898,0.89011228541021,1.24602
2018-01-15 17:00,1.2310390137094,1.2465338,6.0779651493453,1.6034749045059,0.88959269549406,1.24262
2018-01-16 17:00,1.2314931700346,1.2458196,6.1605911766812,1.6026062049611,0.88903299503888,1.24341
2018-01-17 17:00,1.2319604966999,1.2450172,6.1570638041173,1.6016120400802,0.88842235991978,1.24368
2018-01-18 17:00,1.2324200850646,1.2441652,6.1418160250336,1.6006078710904,0.88772252890957,1.24146
2018-01-21 17:00,1.2327745915326,1.2434288,5.9333961928969,1.599749424316,0.88710817568398,1.24735
2018-01-23 17:00,1.2333461761784,1.242737,5.9467639989317,1.5989218745278,0.88655212547218,1.24162
2018-01-24 17:00,1.2336706398577,1.2421346,5.9138861207519,1.5982132194601,0.88605598053986,1.23447
2018-01-25 17:00,1.2337019873142,1.241515,6.2521630168865,1.5975195957288,0.88551040427124,1.23733
2018-01-28 17:00,1.2338442623215,1.240849,6.242457151514,1.5967678783226,0.88493012167742,1.23071
2018-01-29 17:00,1.2337213500736,1.2402298,5.9938205210767,1.5960359285563,0.88442367144367,1.23369
2018-01-30 17:00,1.233720120659,1.2393838,6.3962240774465,1.5950388726373,0.8837287273627,1.23328
2018-01-31 17:00,1.2337028610253,1.2385378,6.2762871461272,1.5940298380194,0.88304576198058,1.23117
2018-02-01 17:00,1.2336035331419,1.2376734,6.54266705713,1.5929496051365,0.88239719486355,1.22667
2018-02-04 17:00,1.2333316298815,1.2366664,7.0039072445602,1.5917608322555,0.88157196774447,1.24332
2018-02-05 17:00,1.2337233306704,1.2356508,7.1020937143879,1.5906168062021,0.88068479379794,1.25346
2018-02-06 17:00,1.234497317703,1.2351268,7.9192169354609,1.5899850709308,0.8802685290692,1.24885
2018-02-07 17:00,1.2350601679891,1.2347784,8.1260723591072,1.589515896306,0.88004090369401,1.25621
2018-02-08 17:00,1.235889573166,1.234349,8.618782932146,1.5889389737297,0.87975902627034,1.25958
2018-02-11 17:00,1.2368186095125,1.2339432,8.5337935071165,1.5883522836687,0.87953411633131,1.2586
2018-02-12 17:00,1.2376727816884,1.2335068,8.3330657750758,1.5876758594509,0.87933774054912,1.25798
2018-02-13 17:00,1.2384691431909,1.2329606,8.5893970486755,1.5868405756548,0.8790806243452,1.25888
2018-02-14 17:00,1.2392695689481,1.232335,8.8750712481928,1.586133999846,0.87853600015404,1.24912
2018-02-18 17:00,1.2396558603619,1.2321172,8.6709544966886,1.5858103189917,0.8784240810083,1.25579
2018-02-19 17:00,1.2402885717202,1.2317578,8.7271734957115,1.5853582140624,0.87815738593757,1.25565
2018-02-21 17:00,1.2408909806724,1.2314926,8.6345298563686,1.5849086186615,0.87807658133848,1.26967
2018-02-25 17:00,1.2420195696656,1.2310356,9.1364526087761,1.584290833679,0.87778036632101,1.26375
2018-02-26 17:00,1.2428717434042,1.2307308,9.5159637297404,1.5837733183957,0.87768828160427,1.26764
2018-02-27 17:00,1.2438430475845,1.2303024,9.6444328923428,1.5831614420514,0.87744335794859,1.27737
2018-02-28 17:00,1.2451578300321,1.229953,9.9670192049202,1.5827101171364,0.87719588286358,1.28259
2018-03-01 17:00,1.2466257582662,1.2297804,10.048357073045,1.5825510880413,0.87700971195872,1.28333
2018-03-04 17:00,1.2480651402949,1.2298036,10.399349178363,1.5826234868282,0.87698371317183,1.2873
2018-03-05 17:00,1.2496037622442,1.229888,9.7483415121093,1.58271535859,0.87706064140999,1.29646
2018-03-06 17:00,1.251441261764,1.2298996,9.355203306632,1.5828749235024,0.87692427649763,1.28751
2018-03-07 17:00,1.252855722087,1.2301128,9.4645044347307,1.5830900741643,0.87713552583567,1.29026
2018-03-08 17:00,1.2543225565149,1.2301162,9.4144061777939,1.5831892014489,0.87704319855106,1.28917
2018-03-11 17:00,1.2556891229261,1.230266,9.4991451459437,1.5835170056829,0.87701499431707,1.28098
2018-03-12 17:00,1.256680922027,1.230573,9.5209655593997,1.5839234426837,0.87722255731625,1.28403
2018-03-13 17:00,1.2577534348887,1.2307668,9.5257442808752,1.5842779061547,0.8772556938453,1.29645
2018-03-14 17:00,1.259270947246,1.2310796,9.0709803547799,1.5849412329286,0.87721796707142,1.29494
2018-03-15 17:00,1.2606697336285,1.2317032,9.2050543293831,1.5859459032964,0.87746049670363,1.3048
2018-03-18 17:00,1.2624003323098,1.2324754,9.2149261287186,1.2986896474107,1.1662611525893,1.30891
2018-03-19 17:00,1.2642242408466,1.2585714,9.176404298421,1.301717033711,1.215425766289,1.30729
2018-03-20 17:00,1.2659130941468,1.2596646,57.057208193261,1.3047452939095,1.2145839060905,1.30687
2018-03-21 17:00,1.2675192473175,1.2607896,57.458974043548,1.3076159839031,1.2139632160969,1.29001
2018-03-22 17:00,1.2684012376188,1.261859,58.926396038826,1.309155699868,1.214562300132,1.29351
2018-03-25 17:00,1.2693858949671,1.2626918,56.100990512653,1.3103629839182,1.2150206160818,1.28862
2018-03-26 17:00,1.2701401735958,1.263742,56.426896125013,1.3114829400829,1.2160010599171,1.28419
2018-03-27 17:00,1.2706911471803,1.264678,57.105086753862,1.3124126674693,1.2169433325307,1.2883
2018-03-28 17:00,1.2713816904281,1.2654394,57.361073514057,1.313479925361,1.217398874639,1.29175
2018-03-29 17:00,1.2721804476662,1.2661224,56.704755173362,1.3145049688545,1.2177398311455,1.2881
2018-04-01 17:00,1.2728047438362,1.2669324,55.972239747634,1.3152967223279,1.2185680776721,1.28939
2018-04-02 17:00,1.2734551460387,1.267774,56.33727686651,1.3159718913564,1.2195761086436,1.29103
2018-04-03 17:00,1.2741443559979,1.2687094,55.377087870134,1.316753013541,1.220665786459,1.28019
2018-04-04 17:00,1.2743814400765,1.2696618,55.517471106777,1.3171951952518,1.2221284047482,1.27684
2018-04-05 17:00,1.2744778541911,1.270392,54.969987334104,1.3172284407529,1.2235555592471,1.27469
2018-04-08 17:00,1.2744861736346,1.2710996,54.724043724169,1.3174413434838,1.2247578565162,1.27632
2018-04-09 17:00,1.274558088394,1.2716464,55.250825843128,1.3172093438838,1.2260834561162,1.26993
2018-04-10 17:00,1.2743765947315,1.2723404,54.796980208121,1.3166098786272,1.2280709213728,1.26008
2018-04-11 17:00,1.2738159439577,1.2730496,54.967456711286,1.3162833892783,1.2298158107217,1.25791
2018-04-12 17:00,1.2731921814496,1.2735046,54.333828628034,1.3152332177121,1.2317759822879,1.25846
2018-04-15 17:00,1.2726144488437,1.2740486,55.270909231843,1.3144123067257,1.2336848932743,1.25955
2018-04-16 17:00,1.2721021175165,1.274544,54.845651238311,1.3134029156205,1.2356850843795,1.25643
2018-04-17 17:00,1.2714875246727,1.2750694,53.138321881739,1.3122518250893,1.2378869749107,1.25485
2018-04-19 17:00,1.2708350727248,1.2755746,52.920518079398,1.3105680245092,1.2405811754908,1.26665
2018-04-22 17:00,1.2706709522258,1.2761382,53.555147674393,1.3099658294481,1.2423105705519,1.27492
2018-04-23 17:00,1.2708375815502,1.2766048,52.685206342668,1.3097832597979,1.2434263402021,1.28446
2018-04-24 17:00,1.2713717940385,1.277034,52.341017320578,1.309297570069,1.244770429931,1.28292
2018-04-25 17:00,1.2718246648605,1.2777462,53.084319633255,1.3094313047327,1.2460610952673,1.28398
2018-04-26 17:00,1.2723013446699,1.2782804,53.42720008336,1.3095442260896,1.2470165739104,1.28651
2018-04-29 17:00,1.2728585468397,1.2787684,53.002990175139,1.3095698234528,1.2479669765472,1.28352
2018-04-30 17:00,1.2732766430421,1.2793266,51.688319360413,1.3095331211423,1.2491200788577,1.28378
2018-05-01 17:00,1.2736885393933,1.2798374,51.151200405332,1.309459971991,1.250214828009,1.28439
2018-05-02 17:00,1.2741082045152,1.2803354,51.034151582237,1.3086173349069,1.2520534650931,1.28814
2018-05-03 17:00,1.2746584710048,1.2810408,51.417100798165,1.3084433755111,1.2536382244889,1.28455
2018-05-06 17:00,1.2750463741026,1.2816878,50.878464671568,1.3080628776575,1.2553127223425,1.28452
2018-05-07 17:00,1.2754178888437,1.2822658,50.044136619814,1.3083813617332,1.2561502382668,1.28766
2018-05-08 17:00,1.2758979716341,1.2825628,49.2946651066,1.3081642556024,1.2569613443976,1.29465
2018-05-09 17:00,1.2766333452956,1.283041,49.368998928282,1.3084639438579,1.2576180561421,1.28505
2018-05-10 17:00,1.2769634101859,1.2835812,49.990638592044,1.3089237547189,1.2582386452811,1.27632
2018-05-13 17:00,1.2769381784139,1.2837348,47.698116835258,1.3091600670232,1.2583095329768,1.27797
2018-05-14 17:00,1.2769786420055,1.2836094,46.633557553278,1.3090832941664,1.2581355058336,1.28113
2018-05-15 17:00,1.2771414403583,1.2835022,46.836315053337,1.3089613759584,1.2580430240416,1.2875
2018-05-16 17:00,1.2775476583834,1.2833788,46.655914203724,1.3085934395953,1.2581641604047,1.27869
2018-05-17 17:00,1.2775924560939,1.2831996,46.02505139563,1.3084144796325,1.2579847203675,1.28029
2018-05-20 17:00,1.2776982421294,1.2830232,46.054659333512,1.3081642742746,1.2578821257254,1.28741
2018-05-21 17:00,1.2780790953792,1.2828238,45.790236417368,1.3079310756849,1.2577165243151,1.27865
2018-05-22 17:00,1.2781014837957,1.2827886,45.621487025153,1.3079178438056,1.2576593561944,1.28171
2018-05-23 17:00,1.2782429942351,1.282742,45.500232280616,1.3078701255648,1.2576138744352,1.28298
2018-05-24 17:00,1.2784287591671,1.2826956,45.502396971665,1.3075207056731,1.2578704943269,1.28804
2018-05-27 17:00,1.2788056705723,1.2824262,42.977021027467,1.3070430464885,1.2578093535115,1.29628
2018-05-28 17:00,1.279490938393,1.2822882,42.486513433155,1.3063928074699,1.2581835925301,1.29912
2018-05-29 17:00,1.2802607055148,1.2821178,42.11923899761,1.3054976242628,1.2587379757372,1.30124
2018-05-30 17:00,1.2810834229456,1.281922,41.828017402829,1.3048312734062,1.2590127265938,1.28714
2018-05-31 17:00,1.2813209357713,1.281801,40.674765531567,1.3036362984133,1.2599657015867,1.29558
2018-06-03 17:00,1.2818801147606,1.2814064,37.966014063725,1.3034587681377,1.2593540318623,1.29494
2018-06-04 17:00,1.282392267123,1.2815178,41.185127395876,1.3036348682506,1.2594007317494,1.29288
2018-06-06 17:00,1.2828035507652,1.2815464,42.311551856443,1.30380476045,1.25928803955,1.29426
2018-06-07 17:00,1.2832528232842,1.2816316,42.941947477153,1.3041624690432,1.2591007309568,1.29678
2018-06-10 17:00,1.2837833008025,1.281833,42.238233714275,1.3046804302625,1.2589855697375,1.29977
2018-06-11 17:00,1.2844102301828,1.2820026,41.89599597548,1.3052306758704,1.2587745241296,1.29771
2018-06-13 17:00,1.2849317897835,1.282163,41.796226133373,1.3057417509254,1.2585842490746,1.29854
2018-06-14 17:00,1.2854654450861,1.2823552,42.171669616964,1.3062885758388,1.2584218241612,1.30925
2018-06-17 17:00,1.2863981727298,1.2825382,42.071307300509,1.3075178975642,1.2575585024358,1.31839
2018-06-18 17:00,1.2876527541913,1.2829026,43.988034437473,1.3098026730438,1.2560025269562,1.31993
2018-06-19 17:00,1.2889185285368,1.2836666,46.487607982195,1.312350283214,1.254982916786,1.32856
2018-06-20 17:00,1.2904730960451,1.2845284,45.575333904308,1.3156273051331,1.2534294948669,1.3308
2018-06-24 17:00,1.292054543259,1.2856058,45.586078795581,1.3190572858863,1.2521543141137,1.32665
2018-06-25 17:00,1.2934112278371,1.2866954,45.694028879927,1.3216164009776,1.2517743990224,1.32932
2018-06-26 17:00,1.2948194149808,1.2878298,46.349481103151,1.3237524903157,1.2519071096843,1.33074
2018-06-27 17:00,1.2962280653737,1.2892146,47.680222465521,1.3258522782081,1.2525769217919,1.3336
2018-06-28 17:00,1.2976936314375,1.2906712,46.338493093613,1.3280644930799,1.2532779069201,1.32436
2018-07-01 17:00,1.2987393713811,1.292174,46.732837055418,1.329415828548,1.254932171452,1.31471
2018-07-02 17:00,1.2993656705426,1.2934702,45.861575479265,1.3296166447889,1.2573237552111,1.31845
2018-07-03 17:00,1.3001140756194,1.2946358,43.943657727096,1.3295624012752,1.2597091987248,1.31362
2018-07-04 17:00,1.3006437197127,1.2959078,42.716366752356,1.3301132351541,1.2617023648459,1.31398
2018-07-05 17:00,1.3011667110965,1.2968472,41.659421002094,1.3307809643582,1.2629134356418,1.31321
2018-07-08 17:00,1.3016389969359,1.2976284,40.229591243929,1.3316079472271,1.2636488527729,1.30869
2018-07-09 17:00,1.30191550686,1.2982034,40.367135455218,1.3320175693212,1.2643892306788,1.3104
2018-07-10 17:00,1.3022482320812,1.2987188,39.598496686087,1.3324215143548,1.2650160856452,1.31086
2018-07-11 17:00,1.3025859484701,1.2992472,39.727453996028,1.3329008149238,1.2655935850762,1.32032
2018-07-12 17:00,1.3032814014713,1.2997342,39.31484597652,1.3335644691659,1.2659039308341,1.31514
2018-07-15 17:00,1.3037464445509,1.3004702,39.750667853963,1.3341933604142,1.2667470395858,1.3157
2018-07-16 17:00,1.3042152114312,1.3010974,40.553386774742,1.3347189098697,1.2674758901303,1.3132
2018-07-17 17:00,1.304567556081,1.3017236,40.543974129468,1.3352588487034,1.2681883512966,1.31887
2018-07-18 17:00,1.3051284362347,1.3022248,41.334200529187,1.3357028708835,1.2687467291165,1.31656
2018-07-19 17:00,1.3055767328529,1.3029112,41.177534138313,1.3361789160406,1.2696434839594,1.32715
2018-07-22 17:00,1.3064227433293,1.303552,40.608031351904,1.3371591901116,1.2699448098884,1.31312
2018-07-23 17:00,1.3066853808458,1.3043418,41.959247902307,1.337891735256,1.270791864744,1.31676
2018-07-24 17:00,1.3070804639499,1.3047112,39.588427951281,1.337963887018,1.271458512982,1.31521
2018-07-25 17:00,1.3073992692852,1.3053454,40.2903429413,1.3376644234135,1.2730263765865,1.30447
2018-07-26 17:00,1.3072843959799,1.3061232,42.051952988764,1.3374107344992,1.2748356655008,1.30704
2018-07-29 17:00,1.3072748118238,1.3066532,41.288981288981,1.3370782470028,1.2762281529972,1.30505
2018-07-30 17:00,1.3071875643013,1.3071714,41.180758776543,1.3370714379425,1.2772713620575,1.30341
2018-07-31 17:00,1.3070394245248,1.3075224,41.609301757173,1.3363037798919,1.2787410201081,1.3005
2018-08-01 17:00,1.3067829765042,1.3080168,43.289112334898,1.3357730290407,1.2802605709593,1.29997
2018-08-02 17:00,1.306515800955,1.308421,44.341801385681,1.3356267222363,1.2812152777637,1.30185
2018-08-05 17:00,1.3063328283685,1.3086722,44.795824378262,1.3345858201686,1.2827585798314,1.29923
2018-08-06 17:00,1.3060542860796,1.3091362,45.319067634696,1.334002430804,1.284269969196,1.3
2018-08-07 17:00,1.3058168630961,1.3094866,46.050044411378,1.3333367566586,1.2856364433414,1.30509
2018-08-08 17:00,1.3057883586609,1.309827,45.94231727401,1.3328961947844,1.2867578052156,1.30198
2018-08-09 17:00,1.3056390112624,1.310168,45.948793032962,1.3330077891409,1.2873282108591,1.30497
2018-08-12 17:00,1.3056127755267,1.310282,45.355178602443,1.3329512335997,1.2876127664003,1.31636
2018-08-13 17:00,1.3060342353099,1.310399,45.389956028697,1.3329815396092,1.2878164603908,1.31323
2018-08-14 17:00,1.3063164221605,1.3107014,47.456551509146,1.3322816143641,1.2891211856359,1.3057
2018-08-15 17:00,1.3062922487425,1.3112232,50.324873376125,1.3323769285981,1.2900694714019,1.31379
2018-08-16 17:00,1.3065862782035,1.3114256,48.456205078499,1.3320658907189,1.2907853092811,1.31518
2018-08-19 17:00,1.3069232869014,1.3118026,48.409021871203,1.3317455297787,1.2918596702213,1.30594
2018-08-20 17:00,1.3068847266308,1.3122486,47.2055272337,1.3315934049998,1.2929037950002,1.30416
2018-08-21 17:00,1.3067778746061,1.3124822,46.63140993991,1.3314511008348,1.2935132991652,1.30335
2018-08-22 17:00,1.3066434481509,1.3126298,47.675604726666,1.3314285040617,1.2938310959383,1.2992
2018-08-23 17:00,1.3063515482234,1.3127014,48.823273606392,1.3314090034382,1.2939937965618,1.30794
2018-08-26 17:00,1.30641384045,1.3127312,48.339250464309,1.3310532116101,1.2944091883899,1.30151
2018-08-27 17:00,1.3062215329813,1.3129192,50.06859339458,1.3314904487119,1.2943479512881,1.29643
2018-08-28 17:00,1.3058375512958,1.3127644,48.264106934601,1.331832925019,1.293695874981,1.29293
2018-08-29 17:00,1.3053313728136,1.3123252,46.971398375058,1.3320306389406,1.2926197610594,1.29032
2018-08-30 17:00,1.3047426915268,1.3117852,47.866105725261,1.331822335412,1.291748064588,1.29793
2018-09-02 17:00,1.3044755271532,1.3110204,47.036215366701,1.3305538891671,1.2914869108329,1.3074
2018-09-03 17:00,1.3045902123629,1.310363,48.509287587817,1.3293184620097,1.2914075379903,1.3092
2018-09-04 17:00,1.3047709883486,1.309978,49.730053132116,1.3281118364832,1.2918441635168,1.31877
2018-09-05 17:00,1.3053199691977,1.3095756,49.518271948577,1.3268705916357,1.2922806083643,1.31767
2018-09-06 17:00,1.3058042841311,1.3093362,51.434915913393,1.3253781794539,1.2932942205461,1.31389
2018-09-09 17:00,1.306121371028,1.3090176,52.573691157061,1.3245097646157,1.2935254353843,1.3163
2018-09-10 17:00,1.3065205329484,1.3088082,53.699820251648,1.3243496103916,1.2932667896084,1.31606
2018-09-11 17:00,1.3068946296956,1.30884,54.361586617424,1.3242774057406,1.2934025942594,1.3064
2018-09-12 17:00,1.3068752324526,1.3087922,55.451023383636,1.3241836766699,1.2934007233301,1.2992
2018-09-13 17:00,1.3065742429446,1.3086478,54.373802524388,1.3241938745553,1.2931017254447,1.2993
2018-09-16 17:00,1.3062889785154,1.3083522,54.787289100507,1.3240365375684,1.2926678624316,1.30327
2018-09-17 17:00,1.3061705872011,1.308074,52.941995210581,1.3238062846656,1.2923417153344,1.30401
2018-09-18 17:00,1.3060858582913,1.3079656,52.802446470124,1.3237210884405,1.2922101115595,1.29693
2018-09-19 17:00,1.3057268050249,1.3078378,52.581515182387,1.3238677032212,1.2918078967788,1.29249
2018-09-20 17:00,1.3052077146318,1.3075592,53.005691394514,1.3237390253143,1.2913793746857,1.29002
2018-09-23 17:00,1.3046121179796,1.3070026,51.877473389892,1.3236856107259,1.2903195892741,1.29246
2018-09-24 17:00,1.3041355643333,1.3065002,52.416270038252,1.3234209711266,1.2895794288734,1.2955
2018-09-25 17:00,1.3037969147516,1.3060354,52.885053234165,1.3230712854234,1.2889995145766,1.29514
2018-09-26 17:00,1.3034574278986,1.3056814,52.09721874217,1.322554297904,1.288808502096,1.3016
2018-09-27 17:00,1.3033845875889,1.3052068,52.660253508793,1.3217755299308,1.2886380700692,1.30414
2018-09-30 17:00,1.303414211605,1.3049076,52.689064459223,1.320225364756,1.289589835244,1.28475
2018-10-01 17:00,1.3026822817381,1.3044474,50.692538408828,1.3205349314154,1.2883598685846,1.28112
2018-10-02 17:00,1.3018367020621,1.30388,49.59755565895,1.3207823889436,1.2869776110564,1.28209
2018-10-03 17:00,1.3010623215891,1.3031672,49.963343108504,1.3207056139214,1.2856287860786,1.2865
2018-10-04 17:00,1.3004912501542,1.3025048,48.485674402502,1.3205609401412,1.2844486598588,1.29199
2018-10-07 17:00,1.3001578677952,1.3021454,49.816786653447,1.3203619179593,1.2839288820407,1.29427
2018-10-08 17:00,1.299926971019,1.3018444,50.547546706316,1.3201541453745,1.2835346546255,1.29615
2018-10-09 17:00,1.2997788545084,1.3016288,49.527268449764,1.3199920352357,1.2832655647643,1.29412
2018-10-10 17:00,1.2995569386453,1.3014836,48.337150710032,1.31996019295,1.28300700705,1.30639
2018-10-11 17:00,1.2998249018357,1.301356,48.532793671235,1.3198814682208,1.2828305317792,1.30274
2018-10-14 17:00,1.2999392194108,1.3014844,49.400095761003,1.3200112037179,1.2829575962821,1.3017
2018-10-15 17:00,1.30000826963,1.3015022,50.192699086303,1.3200179037997,1.2829864962003,1.29866
2018-10-16 17:00,1.2999553963111,1.3015516,50.538478308262,1.3200798982705,1.2830233017295,1.29309
2018-10-17 17:00,1.2996861650833,1.3015248,51.711129075721,1.3201787481033,1.2828708518967,1.30147
2018-10-18 17:00,1.2997561193937,1.3012848,51.420783940469,1.3199316082931,1.2826379917069,1.30837
2018-10-21 17:00,1.3000939186332,1.3012746,51.892735441728,1.3199999342016,1.2825492657984,1.30915
2018-10-23 17:00,1.3004490590789,1.3013426,52.70305199324,1.319712529241,1.282972670759,1.30824
2018-10-24 17:00,1.3007545861739,1.3011984,50.437708567004,1.3193576154104,1.2830391845896,1.3053
2018-10-25 17:00,1.3009328376965,1.3010986,50.908651200611,1.3192489601771,1.2829482398229,1.3071
2018-10-28 17:00,1.3011746871986,1.3010906,51.910795017959,1.3189629912446,1.2832182087554,1.30888
2018-10-29 17:00,1.301476856328,1.3009568,50.463133403036,1.3185121118298,1.2834014881702,1.3131
2018-10-30 17:00,1.3019326658838,1.3008308,50.555422859978,1.3186655923161,1.2829960076839,1.31063
2018-10-31 17:00,1.3022737378099,1.300974,51.681224758148,1.3189919025194,1.2829560974806,1.31554
2018-11-01 17:00,1.302793983386,1.3011034,51.51430042597,1.3195654500053,1.2826413499947,1.30847
2018-11-04 17:00,1.3030165722728,1.3013472,50.801132743884,1.3199025076396,1.2827918923604,1.30891
2018-11-05 17:00,1.3032476870857,1.3015326,50.100781190417,1.3201130103679,1.2829521896321,1.31084
2018-11-06 17:00,1.303545424847,1.301552,48.228072753581,1.3203171634259,1.2827868365741,1.31222
2018-11-07 17:00,1.3038856042648,1.3017386,48.238079878863,1.3206733923443,1.2828038076557,1.31086
2018-11-08 17:00,1.3041591099799,1.3020544,47.847274136833,1.320966569517,1.283142230483,1.31549
2018-11-11 17:00,1.3046034586081,1.302413,48.421082126145,1.3213639145531,1.2834620854469,1.32012
2018-11-12 17:00,1.3052119504274,1.3029164,48.131326161434,1.3224051529001,1.2834276470999,1.32443
2018-11-13 17:00,1.3059655994303,1.3033602,47.473918934519,1.323688332597,1.283032067403,1.32359
2018-11-14 17:00,1.3066567523938,1.3037008,46.295295425884,1.3247245025169,1.2826770974831,1.32392
2018-11-18 17:00,1.307333742496,1.3039886,47.670431959719,1.3253419703607,1.2826352296393,1.3152
2018-11-19 17:00,1.3076422231824,1.3040916,45.371314947696,1.3253294407113,1.2828537592887,1.31696
2018-11-20 17:00,1.3080076261949,1.3040422,43.371293510958,1.3254110405862,1.2826733594138,1.33056
2018-11-21 17:00,1.3088920330108,1.3041036,42.78391687998,1.3264800917357,1.2817271082643,1.32293
2018-11-22 17:00,1.3094425415201,1.3043888,45.470293468879,1.3271261428808,1.2816514571192,1.3188
2018-11-25 17:00,1.3098095006762,1.3045262,43.603224205684,1.327611469447,1.281440930553,1.32204
2018-11-26 17:00,1.3102891281007,1.3047742,44.985471149855,1.3283123932391,1.2812360067609,1.32515
2018-11-27 17:00,1.3108719073908,1.305231,45.598839703389,1.3293585581027,1.2811034418973,1.32964
2018-11-28 17:00,1.3116079110226,1.305748,46.259711431743,1.3307728851826,1.2807231148174,1.32706
2018-11-29 17:00,1.3122138752962,1.3062754,46.37225880505,1.3319518810704,1.2805989189296,1.32786
2018-12-02 17:00,1.312827448814,1.3067364,47.557680315943,1.3329363022105,1.2805364977895,1.32344
2018-12-03 17:00,1.3132436272919,1.307355,47.681132426895,1.3335833230878,1.2811266769122,1.31955
2018-12-04 17:00,1.3134909360255,1.307974,47.687053710028,1.3338839382631,1.2820640617369,1.32575
2018-12-05 17:00,1.3139716836324,1.3085646,47.270265279744,1.3345031437895,1.2826260562105,1.33547
2018-12-06 17:00,1.3148147548625,1.3092304,48.071444446689,1.3358956266685,1.2825651733315,1.33799
2018-12-09 17:00,1.3157235880051,1.3100298,49.436345393378,1.3374758103301,1.2825837896699,1.33319
2018-12-10 17:00,1.3164085453383,1.3108868,47.937161024874,1.3388732383786,1.2829003616214,1.33977
2018-12-11 17:00,1.3173246808152,1.3115186,47.378973390692,1.340521011577,1.282516188423,1.33883
2018-12-12 17:00,1.3181680266656,1.3122312,48.193787010598,1.3411326025071,1.2833297974929,1.33497
2018-12-13 17:00,1.3188269275806,1.3133128,53.912446940788,1.3413346533977,1.2852909466023,1.33506
2018-12-16 17:00,1.3194635186559,1.3143898,53.832816011988,1.3414324137583,1.2873471862417,1.33796
2018-12-17 17:00,1.3201888708655,1.3154492,53.658222136273,1.3419125338852,1.2889858661148,1.34057
2018-12-18 17:00,1.3209881308315,1.3164784,53.355537772779,1.3428323163359,1.2901244836641,1.34636
2018-12-19 17:00,1.3219831060931,1.31745,52.767131687874,1.344182581918,1.290717418082,1.34833
2018-12-20 17:00,1.3230163176188,1.3184918,53.482302698272,1.3457238127644,1.2912597872356,1.35077
2018-12-23 17:00,1.32410469732,1.3195354,53.500355749121,1.3471686902449,1.2919021097551,1.3596
2018-12-26 17:00,1.3254966699742,1.3206684,52.604637421077,1.3500522002226,1.2912845997774,1.35705
2018-12-27 17:00,1.3267340554654,1.3217326,51.916855943286,1.3522253142118,1.2912398857882,1.36177
2018-12-30 17:00,1.3281080140746,1.3228188,52.312920452181,1.354611592889,1.291026007111,1.36378
2019-01-03 17:00,1.2805152956846,1.2994608,4.4884287590591,1.6724262008807,0.92649539911933,1.34879
2019-01-06 17:00,1.2831927350695,1.3005832,4.3367365161644,1.6737845022914,0.9273818977086,1.33746
2019-01-07 17:00,1.285320863106,1.3013916,4.5532841496311,1.6747223607557,0.92806083924434,1.32968
2019-01-08 17:00,1.2870604371019,1.3019578,4.6384634242531,1.6753649490257,0.92855065097428,1.32725
2019-01-09 17:00,1.288636498392,1.3023866,4.9669423653021,1.6758580708335,0.92891512916647,1.32079
2019-01-10 17:00,1.2898974200237,1.3028256,4.9620019020862,1.6763286449358,0.92932255506419,1.32344
2019-01-13 17:00,1.2912128153169,1.3030994,4.950598476605,1.6766427718918,0.92955602810817,1.32567
2019-01-14 17:00,1.2925640774613,1.3033906,4.9857506472034,1.6769765732804,0.92980462671963,1.32838
2019-01-15 17:00,1.2939686234432,1.303642,5.0043500957021,1.6772879253679,0.92999607463215,1.32647
2019-01-16 17:00,1.2952431872297,1.303997,4.9419098154782,1.6776820505899,0.93031194941007,1.32523
2019-01-17 17:00,1.2964191406717,1.3042156,4.9437174769753,1.6779457249533,0.93048547504671,1.3276
2019-01-21 17:00,1.2976419194689,1.3045508,5.1235733971846,1.6783351467845,0.93076645321549,1.3292
2019-01-22 17:00,1.2988794912544,1.3049246,4.8569796929325,1.6787675125213,0.93108168747871,1.33534
2019-01-23 17:00,1.3003093151268,1.3052918,4.9052518780138,1.6792254511314,0.93135814886857,1.33409
2019-01-24 17:00,1.3016340478669,1.3057542,5.0800358868125,1.6797697986893,0.93173860131075,1.33504
2019-01-28 17:00,1.3029440852055,1.3062188,5.4278667268519,1.6803128806319,0.93212471936808,1.32599
2019-01-29 17:00,1.30384784657,1.3066098,5.0625780588138,1.6807237064131,0.93249589358689,1.32683
2019-01-30 17:00,1.3047491074888,1.3067272,5.2369886945305,1.6808507337637,0.9326036662363,1.3147
2019-01-31 17:00,1.3051393385677,1.3067752,5.0676954197682,1.6808752060095,0.93267519399048,1.31223
2019-02-04 17:00,1.256372228503,1.2800596,3.051173220149,1.80316575384,0.75695344616,1.31089
2019-02-05 17:00,1.2585101803264,1.2799002,2.9313021948046,1.8028834337095,0.75691696629047,1.31238
2019-02-06 17:00,1.2606227222744,1.2795068,2.8803317828706,1.8024278738969,0.75658572610315,1.32099
2019-02-07 17:00,1.2629900664989,1.2792958,2.8731222227943,1.8022303058429,0.75636129415714,1.33068
2019-02-10 17:00,1.265644573695,1.2793396,2.7396859126217,1.802336245045,0.75634295495501,1.32667
2019-02-11 17:00,1.2680377276678,1.2795124,2.7774120773824,1.8025197184816,0.75650508151843,1.33005
2019-02-12 17:00,1.2704695814847,1.2795428,2.7775291448585,1.8025532696017,0.75653233039833,1.32347
2019-02-13 17:00,1.2725480292696,1.279551,2.7809910503814,1.8025363658779,0.75656563412214,1.32528
2019-02-14 17:00,1.2746159496904,1.2794792,2.9204933895073,1.8024459611036,0.75651243889639,1.32926
2019-02-17 17:00,1.2767588536241,1.2794276,2.8489134210947,1.8024361245078,0.75641907549219,1.32492
2019-02-18 17:00,1.278647526031,1.279544,2.7323739356697,1.8025875379767,0.75650046202328,1.32359
2019-02-19 17:00,1.2804099759906,1.2796514,2.9320308190022,1.8026800206815,0.75662277931849,1.32104
2019-02-20 17:00,1.2820033102655,1.2796082,2.9352019474842,1.8025294319797,0.75668696802027,1.31747
2019-02-21 17:00,1.2833941608433,1.2793196,2.9365792627273,1.8020885170849,0.75655068291514,1.32295
2019-02-24 17:00,1.284945370222,1.2789092,2.9932145570122,1.8016004299845,0.75621797001549,1.31336
2019-02-25 17:00,1.286059669429,1.2787044,2.8705952803752,1.801201973563,0.75620682643702,1.31868
2019-02-26 17:00,1.2873388980788,1.2781762,3.0143064635984,1.8005166372122,0.75583576278779,1.31681
2019-02-27 17:00,1.2884946275659,1.2777732,2.9466695059328,1.7999791694574,0.75556723054258,1.31552
2019-02-28 17:00,1.2895544460928,1.27741,2.9780477224824,1.7994721178059,0.75534788219408,1.31694
2019-03-04 17:00,1.2434419619028,1.2497874,2.0712442695355,1.8816791389185,0.6178956610815,1.33022
2019-03-05 17:00,1.2468450222203,1.249408,2.0871848365815,1.8810932027053,0.61772279729473,1.33483
2019-03-06 17:00,1.2502954135058,1.2490458,2.0697312020201,1.8805412947185,0.6175503052815,1.34414
2019-03-07 17:00,1.2539755933683,1.248727,2.1129432944883,1.8800201322224,0.61743386777757,1.34541
2019-03-10 17:00,1.2575612563735,1.2484178,2.1889040268427,1.8795589561064,0.61727664389357,1.34149
2019-03-11 17:00,1.260852579653,1.248185,2.1738075919001,1.8790600144141,0.61730998558589,1.33941
2019-03-12 17:00,1.2639332628038,1.2477794,2.2917138396634,1.878332988507,0.61722581149301,1.3354
2019-03-13 17:00,1.2667358799488,1.247292,2.2544074901714,1.770511774718,0.72407222528196,1.32998
2019-03-14 17:00,1.2692160415194,1.274,2.2536233552854,1.7941897551702,0.75381024482983,1.33309
2019-03-17 17:00,1.2717209026363,1.2734478,2.305772143146,1.7934733967529,0.75342220324707,1.33363
2019-03-18 17:00,1.274148710376,1.2731338,2.3357613234141,1.7931222434397,0.75314535656026,1.3337
2019-03-19 17:00,1.2764840550672,1.2730572,3.2180941096818,1.7930818825465,0.75303251745349,1.33222
2019-03-20 17:00,1.2786697783979,1.2731376,2.9896208986238,1.793205529076,0.75306967092396,1.32977
2019-03-21 17:00,1.2806737086568,1.273237,3.0000996356183,1.7933767761318,0.75309722386824,1.33615
2019-03-24 17:00,1.2828492494938,1.2734166,3.0058005426199,1.7936664522864,0.75316674771362,1.34246
2019-03-25 17:00,1.2851869259842,1.2736708,2.9877700415298,1.7940763085338,0.7532652914662,1.34058
2019-03-26 17:00,1.2873592033966,1.2740066,2.957036029317,1.7945250783872,0.75348812161277,1.33843
2019-03-27 17:00,1.289361979734,1.2742506,3.1096817890805,1.7948758189151,0.7536253810849,1.3411
2019-03-28 17:00,1.2913909217052,1.2744898,3.2807903527954,1.795257865238,0.75372173476205,1.3431
2019-03-31 17:00,1.2934187286972,1.2748072,3.2794124979522,1.7957190168602,0.75389538313976,1.33465
2019-04-02 17:00,1.24763542282,1.2485194,2.211264888846,1.8796336505867,0.61740514941331,1.33339
2019-04-03 17:00,1.2509983474153,1.2484492,2.2620399719609,1.8795454964637,0.61735290353627,1.33421
2019-04-04 17:00,1.2542615494774,1.2484162,2.2397863380747,1.8795976014909,0.61723479850911,1.33576
2019-04-08 17:00,1.257457567145,1.2485806,2.1142618547097,1.8798555288648,0.61730567113518,1.33124
2019-04-09 17:00,1.2603509958844,1.2487592,1.9893070561826,1.880189560121,0.61732883987898,1.33274
2019-04-10 17:00,1.2631897803595,1.24909,2.12675662381,1.8807107050121,0.61746929498789,1.33166
2019-04-11 17:00,1.2658748870121,1.2495002,2.0035279513927,1.7735078340844,0.72549256591561,1.3374
2019-04-15 17:00,1.2686797934038,1.2761334,2.1464545816878,1.7976318318468,0.75463496815315,1.3366
2019-04-16 17:00,1.2713433309173,1.2767016,2.1163161036518,1.7983843012121,0.75501889878786,1.33494
2019-04-17 17:00,1.2738373179402,1.2772158,2.1171729921686,1.7990581402923,0.75537345970769,1.33402
2019-04-18 17:00,1.276197423119,1.277667,3.1032282649641,1.7996081040131,0.75572589598691,1.33707
2019-04-22 17:00,1.2785845829967,1.2779276,3.2869543017616,1.7999232369844,0.75593196301563,1.33434
2019-04-23 17:00,1.280771069938,1.2780554,3.3404210078673,1.8001126246876,0.75599817531244,1.34211
2019-04-25 17:00,1.2831765181757,1.2782088,3.2867732945574,1.8003728738214,0.7560447261786,1.34837
2019-04-29 17:00,1.2857331253061,1.27845,3.2154634342174,1.8008330469684,0.75606695303159,1.34565
2019-04-30 17:00,1.2880828066666,1.278948,3.1953839325344,1.8015063756389,0.75638962436107,1.33875
2019-05-02 17:00,1.2435941264033,1.2530468,2.3886140227793,1.8866276932536,0.61946590674642,1.34742
2019-05-05 17:00,1.2476657292894,1.2534634,2.3801898881361,1.8873127146948,0.61961408530522,1.3459
2019-05-06 17:00,1.251518053631,1.253991,2.3616616763171,1.888118159771,0.61986384022903,1.34456
2019-05-07 17:00,1.2551667574102,1.2545596,2.3632612156854,1.8889016114973,0.62021758850273,1.34723
2019-05-08 17:00,1.258777080649,1.2549918,2.3632555397319,1.8896547999177,0.62032880008234,1.34734
2019-05-09 17:00,1.2622501363098,1.2556692,2.2543013614587,1.8906100964257,0.62072830357426,1.34758
2019-05-13 17:00,1.2655964054742,1.2562424,2.0889013247397,1.8914766540837,0.6210081459163,1.34768
2019-05-14 17:00,1.2688153699654,1.2568578,1.9649895664271,1.8923935080109,0.62132209198907,1.34622
2019-05-15 17:00,1.271850845653,1.257501,1.8230031623562,1.8933083817055,0.6216936182945,1.34357
2019-05-16 17:00,1.2746633615097,1.2580866,1.8448655603288,1.7855443674163,0.73062883258365,1.34592
2019-05-19 17:00,1.2774577394898,1.284958,1.8445169589453,1.8098167230118,0.76009927698818,1.34397
2019-05-20 17:00,1.2800660634313,1.2853286,1.7573004426275,1.81029528068,0.76036191932002,1.34269
2019-05-21 17:00,1.2825219040811,1.2856036,1.8663276425717,1.8106336589612,0.7605735410388,1.34046
2019-05-22 17:00,1.284793986274,1.2857608,2.7389617035794,1.810759060649,0.760762539351,1.34353
2019-05-23 17:00,1.2870973593613,1.2856872,2.8525894153421,1.8106685998137,0.76070580018625,1.34726
2019-05-27 17:00,1.289456678602,1.2856496,2.7950705495799,1.8106826273275,0.76061657267254,1.34416
2019-05-28 17:00,1.2916019068921,1.285765,2.5860863008794,1.810838520296,0.76069147970403,1.34924
2019-05-29 17:00,1.2938622242689,1.28586,2.7417930874954,1.8110525272126,0.76066747278736,1.3519
2019-05-30 17:00,1.296138215474,1.2861368,2.7296719236832,1.8115119896979,0.76076161030212,1.34984
2019-06-03 17:00,1.2514270384114,1.2602376,1.7723305460291,1.8973198188888,0.62315538111117,1.34368
2019-06-04 17:00,1.2550448016109,1.2605984,1.7682298273276,1.8977915142217,0.62340528577832,1.33935
2019-06-05 17:00,1.2583508878223,1.2608276,1.8341013455895,1.8981092266798,0.62354597332018,1.34138
2019-06-06 17:00,1.2616069314371,1.2610192,1.9674629606901,1.8983517525555,0.62368664744452,1.33612
2019-06-09 17:00,1.2645290125572,1.2611238,2.0214846129544,1.8983941092009,0.62385349079914,1.32387
2019-06-10 17:00,1.266856110104,1.260997,2.0196561975657,1.8981178264491,0.62387617355089,1.32674
2019-06-11 17:00,1.269204497943,1.2606628,2.0149312289119,1.8976776957864,0.6236479042136,1.32821
2019-06-12 17:00,1.2715184392002,1.260429,1.9184537918846,1.8973235557167,0.62353444428328,1.33428
2019-06-13 17:00,1.2739796768786,1.2601712,1.7851073452041,1.8969785519736,0.62336384802636,1.33244
2019-06-16 17:00,1.2762722385696,1.2599948,1.8051745438197,1.8967816338064,0.62320796619365,1.34069
2019-06-17 17:00,1.2787984252924,1.2599506,1.8053084918076,1.788174918634,0.73172628136603,1.34104
2019-06-18 17:00,1.2812392713593,1.2867644,1.9471853849555,1.812337510072,0.76119128992803,1.33757
2019-06-19 17:00,1.2834483195413,1.2869736,1.9052752501527,1.8125774052112,0.76136979478881,1.32794
2019-06-20 17:00,1.285193091324,1.2870572,1.9075467749462,1.8126189693856,0.76149543061444,1.31883
2019-06-23 17:00,1.2865121857819,1.2869318,2.7937711015695,1.8123894811722,0.76147411882779,1.32124
2019-06-24 17:00,1.2878740608493,1.2865932,2.8990236714592,1.8119900797234,0.76119632027664,1.31786
2019-06-25 17:00,1.2890499800317,1.2863932,2.9622538679065,1.811701768285,0.76108463171503,1.31666
2019-06-26 17:00,1.2901327259128,1.2860956,3.1334271013048,1.8113168705999,0.76087432940011,1.31255
2019-06-27 17:00,1.2910118347005,1.2857956,3.1370498080895,1.8108682100228,0.7607229899772,1.30935
2019-06-30 17:00,1.2917309784377,1.2852986,3.3204561098776,1.8102138204463,0.76038337955373,1.30781
2019-07-02 17:00,1.2444853631124,1.2575306,2.2738279563223,1.8931456120207,0.6219155879793,1.31041
2019-07-03 17:00,1.2470706429903,1.2570532,2.2005730905401,1.892470722386,0.62163567761397,1.30557
2019-07-04 17:00,1.2493647354221,1.2565746,2.2732151290087,1.8916818752605,0.62146732473951,1.30455
2019-07-08 17:00,1.2515288634448,1.2558438,2.2710917729814,1.8905594926631,0.6211281073369,1.30936
2019-07-09 17:00,1.2537967511528,1.2549674,2.3492668900186,1.8893487962313,0.62058600376874,1.3124
2019-07-10 17:00,1.2560949177743,1.2542416,2.3334818312413,1.8883842551868,0.6200989448132,1.30796
2019-07-11 17:00,1.2581288425674,1.2537146,2.1681209499116,1.7796681886604,0.72776101133956,1.30694
2019-07-15 17:00,1.260043005604,1.2798738,2.113464873019,1.8029562713428,0.75679132865721,1.30476
2019-07-16 17:00,1.2617966132274,1.2791242,2.1143221619607,1.8018980081245,0.75635039187553,1.30871
2019-07-17 17:00,1.2636363538851,1.278271,2.116706049788,1.8007628858187,0.75577911418128,1.30506
2019-07-18 17:00,1.2652608105955,1.2775272,3.0703017953132,1.7997309250888,0.75532347491118,1.30266
2019-07-21 17:00,1.2667274454741,1.2767372,3.1605281753155,1.7986092673051,0.75486513269492,1.30584
2019-07-22 17:00,1.2682612711418,1.2758458,3.1595535244295,1.79739190033,0.75429969966999,1.31172
2019-07-23 17:00,1.2699655350186,1.2750158,3.0760485093481,1.7962586512541,0.75377294874588,1.31313
2019-07-24 17:00,1.2716582591355,1.2742986,3.2395365334594,1.7952418755118,0.7533553244882,1.31369
2019-07-25 17:00,1.2733065626988,1.2736076,3.3055898338016,1.7942674788359,0.75294772116407,1.31646
2019-07-29 17:00,1.2749988543577,1.272957,3.3218352785522,1.7933775237375,0.75253647626251,1.31604
2019-07-30 17:00,1.2766083110495,1.2724148,3.4571707194312,1.7925651216337,0.75226447836626,1.31503
2019-07-31 17:00,1.2781150439496,1.2718172,3.4584278856072,1.7917093370395,0.75192506296048,1.31896
2019-08-04 17:00,1.2331227425773,1.2439546,2.4242946494611,1.8729744407998,0.61493475920017,1.32093
2019-08-06 17:00,1.236566164437,1.243506,2.3460995232748,1.8722217718817,0.6147902281183,1.32765
2019-08-07 17:00,1.2401380795571,1.2429794,2.4249389455538,1.8714990419505,0.61445975804949,1.32995
2019-08-08 17:00,1.2436601156529,1.2426492,2.4552546333386,1.8709304194172,0.61436798058283,1.32211
2019-08-11 17:00,1.2467365817058,1.2422634,2.4304082152253,1.8701846681089,0.61434213189107,1.31984
2019-08-12 17:00,1.2496033824232,1.2416676,2.4993190842759,1.8692315182689,0.61410368173114,1.32347
2019-08-13 17:00,1.2525001125242,1.2410676,2.4998148019815,1.7617962634452,0.72033893655478,1.32216
2019-08-14 17:00,1.2552318728174,1.267537,2.449112798817,1.7852505371435,0.74982346285653,1.33185
2019-08-15 17:00,1.2582365052559,1.2669454,2.5565421634122,1.7845281076328,0.74936269236722,1.3313
2019-08-19 17:00,1.2611017403439,1.2667088,2.6949214398676,1.7842059088389,0.74921169116108,1.33232
2019-08-20 17:00,1.2638946132716,1.2665478,3.9739152456525,1.7839463348873,0.7491492651127,1.33184
2019-08-21 17:00,1.2665591382414,1.2663666,3.7285523106528,1.7837202613511,0.74901293864885,1.32857
2019-08-22 17:00,1.2689909367417,1.266281,3.7336362705732,1.783678193394,0.74888380660599,1.33026
2019-08-25 17:00,1.2713936451048,1.266375,3.9346814290026,1.7838059704569,0.74894402954307,1.32903
2019-08-26 17:00,1.2736538943164,1.2664454,3.7202481425766,1.7838842337484,0.74900656625162,1.32538
2019-08-27 17:00,1.275682369049,1.2664618,3.7348373905348,1.7838134302074,0.74911016979261,1.32817
2019-08-28 17:00,1.2777407075177,1.2662838,3.8919845236004,1.7835930336876,0.74897456631245,1.33058
2019-08-29 17:00,1.2798128366347,1.2661984,3.9594534943706,1.7833990317104,0.74899776828964,1.32862
2019-09-02 17:00,1.2353888082052,1.2389964,2.4649655233618,1.8653399037861,0.61265289621391,1.33196
2019-09-03 17:00,1.2391759137658,1.239069,2.5841841320165,1.8655572419589,0.61258075804106,1.33333
2019-09-04 17:00,1.242868230873,1.2393316,2.4665032061694,1.8659553934636,0.61270780653639,1.32213
2019-09-05 17:00,1.2459765355447,1.2395734,2.3226476609479,1.8662408466596,0.61290595334039,1.32271
2019-09-08 17:00,1.2489856910135,1.2396588,2.321765049721,1.8663880277306,0.61292957226936,1.31762
2019-09-09 17:00,1.2516772325424,1.2397798,2.1652285380169,1.8665577143413,0.61300188565866,1.31676
2019-09-10 17:00,1.2542294979329,1.2398812,2.2590240957721,1.8667282847308,0.61303411526919,1.3152
2019-09-11 17:00,1.256620498014,1.2400294,2.2604050680814,1.8669438220163,0.61311497798373,1.31924
2019-09-12 17:00,1.2590761647585,1.2401772,2.2602076829597,1.7602526947776,0.72010170522241,1.32084
2019-09-15 17:00,1.2614982759444,1.266562,2.2193437699463,1.7840130309616,0.74911096903842,1.32211
2019-09-16 17:00,1.2638752062996,1.2667148,2.0991242290148,1.7842553536441,0.7491742463559,1.32392
2019-09-17 17:00,1.2662299040917,1.2669488,1.9756807491731,1.7846246979182,0.74927290208178,1.3243
2019-09-18 17:00,1.2685071627548,1.2673158,2.7511172717061,1.7851349398562,0.74949666014378,1.32879
2019-09-19 17:00,1.270871195588,1.2677108,2.5607467226613,1.7856835005609,0.74973809943905,1.32575
2019-09-22 17:00,1.2730233055649,1.2680994,2.518378072714,1.7861766127474,0.75002218725256,1.32597
2019-09-23 17:00,1.2750996465231,1.2683664,2.5165462388918,1.7865784752529,0.7501543247471,1.32627
2019-09-24 17:00,1.2771063270516,1.2687266,2.3675901148452,1.7870810292058,0.75037217079419,1.3241
2019-09-25 17:00,1.2789492161869,1.2691132,2.2784535970834,1.7876022980001,0.7506241019999,1.32676
2019-09-26 17:00,1.2808241488854,1.2695,2.2803221063356,1.7881228388415,0.75087716115852,1.32646
2019-09-30 17:00,1.2826137901056,1.269861,2.1890983193092,1.7886348291973,0.75108717080273,1.32397
2019-10-02 17:00,1.2373144640608,1.2445984,1.5153665486241,1.8736739200039,0.61552287999611,1.33236
2019-10-03 17:00,1.24104173998,1.2447964,1.4539982147634,1.8740623893119,0.61553041068813,1.33331
2019-10-06 17:00,1.2446601031181,1.245181,1.6215254562621,1.8746418428177,0.61572015718228,1.33226
2019-10-07 17:00,1.2480953931919,1.2455734,1.575797319187,1.8751919426546,0.61595485734535,1.33081
2019-10-08 17:00,1.2513391032628,1.2458894,1.5743553797156,1.8756531191523,0.61612568084775,1.33239
2019-10-09 17:00,1.2545175698015,1.2461848,1.668853203949,1.8761191830205,0.61625041697955,1.33313